request count, total data transfered (bytes), total elapsed time (sec), average response time (sec)
60, 780, 14.429499, 0.240492
60, 780, 15.051603, 0.250860
60, 780, 15.338393, 0.255640
60, 780, 15.477911, 0.257965
60, 780, 15.607837, 0.260131
60, 780, 15.612034, 0.260201
60, 780, 14.990581, 0.249843
60, 780, 15.494418, 0.258240
60, 780, 15.706377, 0.261773
60, 780, 15.532393, 0.258873
60, 780, 15.956656, 0.265944
60, 780, 15.987878, 0.266465
60, 780, 16.124561, 0.268743
60, 780, 16.250320, 0.270839
60, 780, 16.260637, 0.271011
60, 780, 16.254574, 0.270910
60, 780, 16.309570, 0.271826
60, 780, 16.057480, 0.267625
60, 780, 16.435812, 0.273930
60, 780, 16.106504, 0.268442
60, 780, 16.240742, 0.270679
60, 780, 16.421993, 0.273700
60, 780, 16.497658, 0.274961
60, 780, 16.340948, 0.272349
60, 780, 16.520092, 0.275335
60, 780, 16.663069, 0.277718
60, 780, 16.579285, 0.276321
60, 780, 16.288353, 0.271473
60, 780, 16.563416, 0.276057
60, 780, 16.710197, 0.278503
60, 780, 16.699808, 0.278330
60, 780, 16.717508, 0.278625
60, 780, 16.594748, 0.276579
60, 780, 16.409874, 0.273498
60, 780, 16.727453, 0.278791
60, 780, 16.613543, 0.276892
60, 780, 16.229364, 0.270489
60, 780, 16.583746, 0.276396
60, 780, 16.645956, 0.277433
60, 780, 16.635382, 0.277256
60, 780, 16.840712, 0.280679
60, 780, 16.703873, 0.278398
60, 780, 16.769760, 0.279496
60, 780, 16.467245, 0.274454
60, 780, 16.683649, 0.278061
60, 780, 16.477999, 0.274633
60, 780, 16.903288, 0.281721
60, 780, 16.800323, 0.280005
60, 780, 16.433346, 0.273889
60, 780, 16.936342, 0.282272
60, 780, 16.504625, 0.275077
60, 780, 16.671627, 0.277860
60, 780, 16.921318, 0.282022
60, 780, 17.059061, 0.284318
60, 780, 16.261055, 0.271018
60, 780, 17.049622, 0.284160
60, 780, 16.560326, 0.276005
60, 780, 17.038967, 0.283983
60, 780, 16.926914, 0.282115
60, 780, 16.971344, 0.282856
60, 780, 16.784969, 0.279749
60, 780, 17.173304, 0.286222
60, 780, 16.753517, 0.279225
60, 780, 17.007179, 0.283453
60, 780, 17.040041, 0.284001
60, 780, 16.959196, 0.282653
60, 780, 16.666437, 0.277774
60, 780, 17.108660, 0.285144
60, 780, 16.722527, 0.278709
60, 780, 17.042620, 0.284044
60, 780, 16.754953, 0.279249
60, 780, 17.144497, 0.285742
60, 780, 16.758137, 0.279302
60, 780, 16.781385, 0.279690
60, 780, 17.128128, 0.285469
60, 780, 17.167208, 0.286120
60, 780, 17.247768, 0.287463
60, 780, 17.165663, 0.286094
60, 780, 17.233610, 0.287227
60, 780, 16.915524, 0.281925
60, 780, 17.304876, 0.288415
60, 780, 17.239964, 0.287333
60, 780, 17.315241, 0.288587
60, 780, 17.033432, 0.283891
60, 780, 17.287638, 0.288127
60, 780, 17.209070, 0.286818
60, 780, 16.822538, 0.280376
60, 780, 16.960251, 0.282671
60, 780, 17.357777, 0.289296
60, 780, 17.039003, 0.283983
60, 780, 17.070196, 0.284503
60, 780, 17.457870, 0.290965
60, 780, 17.312071, 0.288535
60, 780, 17.058910, 0.284315
60, 780, 17.446205, 0.290770
60, 780, 17.281439, 0.288024
60, 780, 17.272095, 0.287868
60, 780, 17.015728, 0.283595
60, 780, 17.505884, 0.291765
60, 780, 17.439545, 0.290659
60, 780, 17.141010, 0.285683
60, 780, 17.537624, 0.292294
60, 780, 17.137512, 0.285625
60, 780, 17.449476, 0.290825
60, 780, 17.497810, 0.291630
60, 780, 17.305025, 0.288417
60, 780, 17.579964, 0.292999
60, 780, 17.316717, 0.288612
60, 780, 17.191114, 0.286519
60, 780, 17.227352, 0.287123
60, 780, 17.386778, 0.289780
60, 780, 17.625578, 0.293760
60, 780, 17.487528, 0.291459
60, 780, 17.637951, 0.293966
60, 780, 17.251606, 0.287527
60, 780, 17.553463, 0.292558
60, 780, 17.341160, 0.289019
60, 780, 17.357992, 0.289300
60, 780, 17.193634, 0.286561
60, 780, 17.299503, 0.288325
60, 780, 17.642864, 0.294048
60, 780, 17.659281, 0.294321
60, 780, 17.495991, 0.291600
60, 780, 17.661448, 0.294357
60, 780, 17.251175, 0.287520
60, 780, 17.686201, 0.294770
60, 780, 17.279806, 0.287997
60, 780, 17.424629, 0.290410
60, 780, 17.358614, 0.289310
60, 780, 17.166746, 0.286112
60, 780, 17.235415, 0.287257
60, 780, 17.490620, 0.291510
60, 780, 17.719227, 0.295320
60, 780, 17.590956, 0.293183
60, 780, 17.520042, 0.292001
60, 780, 17.759367, 0.295989
60, 780, 17.598269, 0.293304
60, 780, 17.750929, 0.295849
60, 780, 17.552828, 0.292547
60, 780, 17.334888, 0.288915
60, 780, 17.126276, 0.285438
60, 780, 17.540977, 0.292350
60, 780, 17.762701, 0.296045
60, 780, 17.685575, 0.294760
60, 780, 17.652872, 0.294215
60, 780, 17.845604, 0.297427
60, 780, 17.467810, 0.291130
60, 780, 17.559233, 0.292654
60, 780, 17.856588, 0.297610
60, 780, 16.277763, 0.271296
60, 780, 17.769291, 0.296155
60, 780, 17.388138, 0.289802
60, 780, 17.763115, 0.296052
60, 780, 17.418678, 0.290311
60, 780, 17.520832, 0.292014
60, 780, 17.442951, 0.290716
60, 780, 17.779697, 0.296328
60, 780, 17.515722, 0.291929
60, 780, 17.811056, 0.296851
60, 780, 17.473835, 0.291231
60, 780, 17.554745, 0.292579
60, 780, 16.347719, 0.272462
60, 780, 17.965014, 0.299417
60, 780, 17.859663, 0.297661
60, 780, 17.846846, 0.297447
60, 780, 17.456299, 0.290938
60, 780, 17.629026, 0.293817
60, 780, 17.638727, 0.293979
60, 780, 17.649689, 0.294161
60, 780, 17.821213, 0.297020
60, 780, 18.024311, 0.300405
60, 780, 17.629145, 0.293819
60, 780, 18.017864, 0.300298
60, 780, 17.871468, 0.297858
60, 780, 18.031477, 0.300525
60, 780, 17.950182, 0.299170
60, 780, 17.660275, 0.294338
60, 780, 17.834219, 0.297237
60, 780, 17.635937, 0.293932
60, 780, 17.885862, 0.298098
60, 780, 18.011923, 0.300199
60, 780, 17.980989, 0.299683
60, 780, 17.288551, 0.288143
60, 780, 17.697021, 0.294950
60, 780, 18.054195, 0.300903
60, 780, 17.626465, 0.293774
60, 780, 17.787621, 0.296460
60, 780, 17.843269, 0.297388
60, 780, 17.728722, 0.295479
60, 780, 17.647528, 0.294125
60, 780, 18.010805, 0.300180
60, 780, 17.962664, 0.299378
60, 780, 18.143114, 0.302385
60, 780, 18.172756, 0.302879
60, 780, 18.140015, 0.302334
60, 780, 17.974861, 0.299581
60, 780, 17.755678, 0.295928
60, 780, 17.990200, 0.299837
60, 780, 17.394129, 0.289902
60, 780, 17.993498, 0.299892
60, 780, 17.981430, 0.299690
60, 780, 17.740786, 0.295680
60, 780, 16.620836, 0.277014
60, 780, 17.834606, 0.297243
60, 780, 18.184122, 0.303069
60, 780, 17.719366, 0.295323
60, 780, 18.019140, 0.300319
60, 780, 18.163727, 0.302729
60, 780, 17.807074, 0.296785
60, 780, 17.721579, 0.295360
60, 780, 18.167040, 0.302784
60, 780, 18.237854, 0.303964
60, 780, 17.850540, 0.297509
60, 780, 18.199396, 0.303323
60, 780, 18.067522, 0.301125
60, 780, 18.222126, 0.303702
60, 780, 18.242708, 0.304045
60, 780, 17.864695, 0.297745
60, 780, 18.217693, 0.303628
60, 780, 18.107611, 0.301794
60, 780, 17.795471, 0.296591
60, 780, 17.912342, 0.298539
60, 780, 17.986467, 0.299774
60, 780, 17.904444, 0.298407
60, 780, 18.239357, 0.303989
60, 780, 17.929665, 0.298828
60, 780, 18.197273, 0.303288
60, 780, 18.263437, 0.304391
60, 780, 17.994999, 0.299917
60, 780, 18.344608, 0.305743
60, 780, 18.275133, 0.304586
60, 780, 17.806934, 0.296782
60, 780, 18.315781, 0.305263
60, 780, 18.342817, 0.305714
60, 780, 18.132915, 0.302215
60, 780, 17.986912, 0.299782
60, 780, 18.329372, 0.305490
60, 780, 17.313564, 0.288559
60, 780, 18.252224, 0.304204
60, 780, 18.244570, 0.304076
60, 780, 18.284208, 0.304737
60, 780, 18.185024, 0.303084
60, 780, 18.219614, 0.303660
60, 780, 18.311213, 0.305187
60, 780, 18.290394, 0.304840
60, 780, 18.371969, 0.306199
60, 780, 18.057510, 0.300959
60, 780, 18.214357, 0.303573
60, 780, 18.343231, 0.305721
60, 780, 17.997726, 0.299962
60, 780, 18.345913, 0.305765
60, 780, 18.163847, 0.302731
60, 780, 18.499498, 0.308325
60, 780, 18.144514, 0.302409
60, 780, 18.554512, 0.309242
60, 780, 18.250795, 0.304180
60, 780, 18.170881, 0.302848
60, 780, 18.402021, 0.306700
60, 780, 18.060143, 0.301002
60, 780, 18.222034, 0.303701
60, 780, 18.508167, 0.308469
60, 780, 18.549969, 0.309166
60, 780, 18.053329, 0.300889
60, 780, 18.406240, 0.306771
60, 780, 18.174574, 0.302910
60, 780, 18.167202, 0.302787
60, 780, 18.455175, 0.307586
60, 780, 18.409189, 0.306820
60, 780, 18.142893, 0.302382
60, 780, 18.581057, 0.309684
60, 780, 18.284670, 0.304744
60, 780, 18.567797, 0.309463
60, 780, 18.535681, 0.308928
60, 780, 18.531204, 0.308853
60, 780, 18.439756, 0.307329
60, 780, 18.602705, 0.310045
60, 780, 18.094618, 0.301577
60, 780, 18.586763, 0.309779
60, 780, 18.442926, 0.307382
60, 780, 18.203690, 0.303395
60, 780, 18.111309, 0.301855
60, 780, 18.195141, 0.303252
60, 780, 18.634642, 0.310577
60, 780, 18.537231, 0.308954
60, 780, 18.115065, 0.301918
60, 780, 18.253517, 0.304225
60, 780, 18.357277, 0.305955
60, 780, 18.406864, 0.306781
60, 780, 18.518963, 0.308649
60, 780, 18.438808, 0.307313
60, 780, 18.538374, 0.308973
60, 780, 18.497925, 0.308299
60, 780, 18.161772, 0.302696
60, 780, 18.544189, 0.309070
60, 780, 18.702198, 0.311703
60, 780, 18.390106, 0.306502
60, 780, 18.561285, 0.309355
60, 780, 18.525393, 0.308757
60, 780, 18.667284, 0.311121
60, 780, 18.224215, 0.303737
60, 780, 18.355671, 0.305928
60, 780, 18.557276, 0.309288
60, 780, 18.603878, 0.310065
60, 780, 18.527203, 0.308787
60, 780, 18.154942, 0.302582
60, 780, 18.337389, 0.305623
60, 780, 18.528557, 0.308809
60, 780, 17.833162, 0.297219
60, 780, 18.583221, 0.309720
60, 780, 18.377239, 0.306287
60, 780, 18.739124, 0.312319
60, 780, 18.258224, 0.304304
60, 780, 18.683590, 0.311393
60, 780, 18.750057, 0.312501
60, 780, 18.376938, 0.306282
60, 780, 18.273323, 0.304555
60, 780, 18.620756, 0.310346
60, 780, 18.343355, 0.305723
60, 780, 17.912561, 0.298543
60, 780, 18.414980, 0.306916
60, 780, 18.605206, 0.310087
60, 780, 17.650221, 0.294170
60, 780, 17.942492, 0.299042
60, 780, 18.715040, 0.311917
60, 780, 18.622538, 0.310376
60, 780, 18.761501, 0.312692
60, 780, 18.651754, 0.310863
60, 780, 18.265507, 0.304425
60, 780, 18.741684, 0.312361
60, 780, 18.643579, 0.310726
60, 780, 18.580765, 0.309679
60, 780, 18.786079, 0.313101
60, 780, 18.388741, 0.306479
60, 780, 18.237988, 0.303966
60, 780, 17.897396, 0.298290
60, 780, 18.357479, 0.305958
60, 780, 18.527424, 0.308790
60, 780, 18.404903, 0.306748
60, 780, 18.690670, 0.311511
60, 780, 18.640514, 0.310675
60, 780, 18.641424, 0.310690
60, 780, 18.402822, 0.306714
60, 780, 18.470715, 0.307845
60, 780, 18.487822, 0.308130
60, 780, 18.842834, 0.314047
60, 780, 18.822403, 0.313707
60, 780, 18.492836, 0.308214
60, 780, 18.785114, 0.313085
60, 780, 18.339771, 0.305663
60, 780, 18.725138, 0.312086
60, 780, 18.793339, 0.313222
60, 780, 18.442150, 0.307369
60, 780, 18.461531, 0.307692
60, 780, 18.809355, 0.313489
60, 780, 17.719799, 0.295330
60, 780, 18.539337, 0.308989
60, 780, 18.620893, 0.310348
60, 780, 18.051027, 0.300850
60, 780, 18.705341, 0.311756
60, 780, 18.396236, 0.306604
60, 780, 18.859070, 0.314318
60, 780, 18.633814, 0.310564
60, 780, 18.711613, 0.311860
60, 780, 18.753735, 0.312562
60, 780, 18.740997, 0.312350
60, 780, 18.821522, 0.313692
60, 780, 18.518444, 0.308641
60, 780, 18.683180, 0.311386
60, 780, 18.872412, 0.314540
60, 780, 18.802025, 0.313367
60, 780, 18.819859, 0.313664
60, 780, 18.894133, 0.314902
60, 780, 18.845802, 0.314097
60, 780, 18.925451, 0.315424
60, 780, 18.932066, 0.315534
60, 780, 18.469160, 0.307819
60, 780, 18.548801, 0.309147
60, 780, 18.413532, 0.306892
60, 780, 18.784592, 0.313077
60, 780, 18.911432, 0.315191
60, 780, 18.638079, 0.310635
60, 780, 18.610195, 0.310170
60, 780, 18.676086, 0.311268
60, 780, 18.822266, 0.313704
60, 780, 18.698469, 0.311641
60, 780, 18.395691, 0.306595
60, 780, 18.776186, 0.312936
60, 780, 18.456034, 0.307601
60, 780, 18.899143, 0.314986
60, 780, 18.221539, 0.303692
60, 780, 18.848307, 0.314138
60, 780, 18.448090, 0.307468
60, 780, 18.749645, 0.312494
60, 780, 18.632391, 0.310540
60, 780, 18.982256, 0.316371
60, 780, 19.000147, 0.316669
60, 780, 18.776228, 0.312937
60, 780, 18.874874, 0.314581
60, 780, 18.912159, 0.315203
60, 780, 18.945103, 0.315752
60, 780, 18.931484, 0.315525
60, 780, 18.908106, 0.315135
60, 780, 18.905628, 0.315094
60, 780, 18.542124, 0.309035
60, 780, 18.575619, 0.309594
60, 780, 18.974072, 0.316235
60, 780, 18.541595, 0.309027
60, 780, 19.078201, 0.317970
60, 780, 19.050238, 0.317504
60, 780, 19.044598, 0.317410
60, 780, 18.786461, 0.313108
60, 780, 18.897156, 0.314953
60, 780, 19.031725, 0.317195
60, 780, 18.766937, 0.312782
60, 780, 18.303825, 0.305064
60, 780, 18.987801, 0.316463
60, 780, 18.568506, 0.309475
60, 780, 18.588282, 0.309805
60, 780, 18.669315, 0.311155
60, 780, 18.595963, 0.309933
60, 780, 18.081299, 0.301355
60, 780, 18.529766, 0.308829
60, 780, 18.908876, 0.315148
60, 780, 18.658068, 0.310968
60, 780, 19.075527, 0.317925
60, 780, 19.019110, 0.316985
60, 780, 18.586357, 0.309773
60, 780, 18.640179, 0.310670
60, 780, 18.693235, 0.311554
60, 780, 18.987904, 0.316465
60, 780, 19.080402, 0.318007
60, 780, 18.593813, 0.309897
60, 780, 19.001019, 0.316684
60, 780, 18.879889, 0.314665
60, 780, 19.123592, 0.318727
60, 780, 18.966072, 0.316101
60, 780, 18.309179, 0.305153
60, 780, 18.656132, 0.310936
60, 780, 18.704502, 0.311742
60, 780, 18.982014, 0.316367
60, 780, 18.298958, 0.304983
60, 780, 18.987057, 0.316451
60, 780, 18.984613, 0.316410
60, 780, 18.977280, 0.316288
60, 780, 19.053047, 0.317551
60, 780, 18.735601, 0.312260
60, 780, 18.617661, 0.310294
60, 780, 18.650892, 0.310848
60, 780, 18.726288, 0.312105
60, 780, 19.016790, 0.316947
60, 780, 19.036283, 0.317271
60, 780, 18.789869, 0.313164
60, 780, 18.737127, 0.312285
60, 780, 18.977753, 0.316296
60, 780, 18.994003, 0.316567
60, 780, 19.057211, 0.317620
60, 780, 19.119692, 0.318662
60, 780, 18.808784, 0.313480
60, 780, 19.075342, 0.317922
60, 780, 18.774784, 0.312913
60, 780, 18.845070, 0.314084
60, 780, 19.219166, 0.320319
60, 780, 18.812807, 0.313547
60, 780, 18.843771, 0.314063
60, 780, 18.436373, 0.307273
60, 780, 18.848759, 0.314146
60, 780, 19.001667, 0.316694
60, 780, 18.988718, 0.316479
60, 780, 19.113592, 0.318560
60, 780, 18.908211, 0.315137
60, 780, 18.958204, 0.315970
60, 780, 18.757984, 0.312633
60, 780, 18.910715, 0.315179
60, 780, 19.220102, 0.320335
60, 780, 18.540720, 0.309012
60, 780, 18.838270, 0.313971
60, 780, 18.893187, 0.314886
60, 780, 19.107620, 0.318460
60, 780, 19.111046, 0.318517
60, 780, 19.149588, 0.319160
60, 780, 18.952566, 0.315876
60, 780, 18.854578, 0.314243
60, 780, 18.929390, 0.315490
60, 780, 18.998047, 0.316634
60, 780, 18.936649, 0.315611
60, 780, 19.186659, 0.319778
60, 780, 19.032322, 0.317205
60, 780, 19.150412, 0.319174
60, 780, 18.972807, 0.316213
60, 780, 19.219515, 0.320325
60, 780, 18.909626, 0.315160
60, 780, 18.929451, 0.315491
60, 780, 19.224724, 0.320412
60, 780, 18.880339, 0.314672
60, 780, 19.007782, 0.316796
60, 780, 19.181009, 0.319683
60, 780, 18.955545, 0.315926
60, 780, 19.017548, 0.316959
60, 780, 18.965340, 0.316089
60, 780, 18.961416, 0.316024
60, 780, 18.876984, 0.314616
60, 780, 19.062000, 0.317700
60, 780, 19.215599, 0.320260
60, 780, 19.327761, 0.322129
60, 780, 19.125893, 0.318765
60, 780, 18.852678, 0.314211
60, 780, 19.367325, 0.322789
60, 780, 19.335503, 0.322258
60, 780, 19.014156, 0.316903
60, 780, 19.299074, 0.321651
60, 780, 18.859514, 0.314325
60, 780, 19.036757, 0.317279
60, 780, 19.146847, 0.319114
60, 780, 19.042267, 0.317371
60, 780, 18.899714, 0.314995
60, 780, 19.259367, 0.320989
60, 780, 19.254143, 0.320902
60, 780, 19.257162, 0.320953
60, 780, 19.311289, 0.321855
60, 780, 18.968338, 0.316139
60, 780, 19.131800, 0.318863
60, 780, 19.364487, 0.322741
60, 780, 18.547335, 0.309122
60, 780, 18.997871, 0.316631
60, 780, 19.267700, 0.321128
60, 780, 18.924152, 0.315403
60, 780, 19.083893, 0.318065
60, 780, 19.293625, 0.321560
60, 780, 18.904762, 0.315079
60, 780, 18.885719, 0.314762
60, 780, 19.288607, 0.321477
60, 780, 19.035364, 0.317256
60, 780, 19.134523, 0.318909
60, 780, 19.142326, 0.319039
60, 780, 19.434185, 0.323903
60, 780, 19.158873, 0.319315
60, 780, 19.308203, 0.321803
60, 780, 19.210381, 0.320173
60, 780, 19.299391, 0.321657
60, 780, 19.049501, 0.317492
60, 780, 19.310221, 0.321837
60, 780, 19.054470, 0.317575
60, 780, 19.209862, 0.320164
60, 780, 19.327333, 0.322122
60, 780, 18.599756, 0.309996
60, 780, 19.336853, 0.322281
60, 780, 19.311596, 0.321860
60, 780, 19.250013, 0.320834
60, 780, 19.395004, 0.323250
60, 780, 19.208818, 0.320147
60, 780, 18.938307, 0.315638
60, 780, 19.185751, 0.319762
60, 780, 19.161274, 0.319355
60, 780, 19.265409, 0.321090
60, 780, 19.305944, 0.321766
60, 780, 19.394300, 0.323238
60, 780, 18.759985, 0.312666
60, 780, 18.993631, 0.316561
60, 780, 19.316946, 0.321949
60, 780, 19.454111, 0.324235
60, 780, 19.391584, 0.323193
60, 780, 19.387619, 0.323127
60, 780, 19.469461, 0.324491
60, 780, 19.046078, 0.317435
60, 780, 19.495083, 0.324918
60, 780, 19.253984, 0.320900
60, 780, 19.406588, 0.323443
60, 780, 19.221416, 0.320357
60, 780, 19.464266, 0.324404
60, 780, 19.109367, 0.318489
60, 780, 19.197449, 0.319957
60, 780, 19.293711, 0.321562
60, 780, 19.242779, 0.320713
60, 780, 19.301195, 0.321687
60, 780, 19.412983, 0.323550
60, 780, 18.086313, 0.301439
60, 780, 19.323589, 0.322060
60, 780, 19.287086, 0.321451
60, 780, 19.416580, 0.323610
60, 780, 18.011564, 0.300193
60, 780, 19.447975, 0.324133
60, 780, 19.316065, 0.321934
60, 780, 18.785517, 0.313092
60, 780, 19.101276, 0.318355
60, 780, 18.827311, 0.313789
60, 780, 19.605434, 0.326757
60, 780, 19.455299, 0.324255
60, 780, 19.412399, 0.323540
60, 780, 19.198795, 0.319980
60, 780, 19.546520, 0.325775
60, 780, 19.178482, 0.319641
60, 780, 19.160263, 0.319338
60, 780, 19.416977, 0.323616
60, 780, 19.238775, 0.320646
60, 780, 19.541918, 0.325699
60, 780, 19.596388, 0.326606
60, 780, 19.220539, 0.320342
60, 780, 18.837996, 0.313967
60, 780, 19.099819, 0.318330
60, 780, 19.510832, 0.325181
60, 780, 19.210958, 0.320183
60, 780, 19.012554, 0.316876
60, 780, 19.489183, 0.324820
60, 780, 19.617062, 0.326951
60, 780, 19.132891, 0.318882
60, 780, 19.502048, 0.325034
60, 780, 19.259346, 0.320989
60, 780, 19.548218, 0.325804
60, 780, 19.227442, 0.320457
60, 780, 19.496954, 0.324949
60, 780, 18.704376, 0.311740
60, 780, 19.302746, 0.321712
60, 780, 19.190973, 0.319850
60, 780, 19.309399, 0.321823
60, 780, 19.518320, 0.325305
60, 780, 19.628532, 0.327142
60, 780, 18.992620, 0.316544
60, 780, 19.254406, 0.320907
60, 780, 19.668205, 0.327803
60, 780, 19.540449, 0.325674
60, 780, 19.563955, 0.326066
60, 780, 19.063335, 0.317722
60, 780, 19.283970, 0.321399
60, 780, 19.157413, 0.319290
60, 780, 19.241188, 0.320686
60, 780, 19.270102, 0.321168
60, 780, 19.412710, 0.323545
60, 780, 19.242510, 0.320709
60, 780, 19.293941, 0.321566
60, 780, 19.342934, 0.322382
60, 780, 19.536873, 0.325615
60, 780, 19.453571, 0.324226
60, 780, 19.254604, 0.320910
60, 780, 19.703760, 0.328396
60, 780, 19.315928, 0.321932
60, 780, 19.303843, 0.321731
60, 780, 18.926720, 0.315445
60, 780, 19.150148, 0.319169
60, 780, 19.496389, 0.324940
60, 780, 19.323427, 0.322057
60, 780, 19.719040, 0.328651
60, 780, 19.264370, 0.321073
60, 780, 19.280186, 0.321336
60, 780, 19.505108, 0.325085
60, 780, 19.594887, 0.326581
60, 780, 19.751312, 0.329189
60, 780, 19.369522, 0.322825
60, 780, 19.488134, 0.324802
60, 780, 19.439878, 0.323998
60, 780, 19.594168, 0.326569
60, 780, 19.608221, 0.326804
60, 780, 19.204489, 0.320075
60, 780, 19.570349, 0.326172
60, 780, 18.871761, 0.314529
60, 780, 18.174076, 0.302901
60, 780, 19.278267, 0.321304
60, 780, 19.645266, 0.327421
60, 780, 19.751410, 0.329190
60, 780, 19.257866, 0.320964
60, 780, 19.341278, 0.322355
60, 780, 19.668013, 0.327800
60, 780, 19.405342, 0.323422
60, 780, 19.687798, 0.328130
60, 780, 19.676331, 0.327939
60, 780, 19.693911, 0.328232
60, 780, 19.686520, 0.328109
60, 780, 19.803675, 0.330061
60, 780, 19.325077, 0.322085
60, 780, 19.716570, 0.328609
60, 780, 19.438200, 0.323970
60, 780, 19.542555, 0.325709
60, 780, 19.459141, 0.324319
60, 780, 19.111824, 0.318530
60, 780, 19.068830, 0.317814
60, 780, 19.366766, 0.322779
60, 780, 19.480877, 0.324681
60, 780, 19.829996, 0.330500
60, 780, 19.526707, 0.325445
60, 780, 19.099873, 0.318331
60, 780, 19.903458, 0.331724
60, 780, 19.177298, 0.319622
60, 780, 19.802557, 0.330043
60, 780, 19.451418, 0.324190
60, 780, 19.425167, 0.323753
60, 780, 19.774925, 0.329582
60, 780, 19.868505, 0.331142
60, 780, 19.794361, 0.329906
60, 780, 19.875944, 0.331266
60, 780, 19.823545, 0.330392
60, 780, 19.888630, 0.331477
60, 780, 19.603443, 0.326724
60, 780, 19.450022, 0.324167
60, 780, 19.759752, 0.329329
60, 780, 19.790565, 0.329843
60, 780, 19.424366, 0.323739
60, 780, 19.859158, 0.330986
60, 780, 19.104193, 0.318403
60, 780, 19.436932, 0.323949
60, 780, 19.570463, 0.326174
60, 780, 19.817934, 0.330299
60, 780, 19.845110, 0.330752
60, 780, 19.874146, 0.331236
60, 780, 19.438103, 0.323968
60, 780, 19.680553, 0.328009
60, 780, 19.920050, 0.332001
60, 780, 19.559549, 0.325992
60, 780, 19.578934, 0.326316
60, 780, 19.677813, 0.327964
60, 780, 19.663198, 0.327720
60, 780, 19.572588, 0.326210
60, 780, 19.425219, 0.323754
60, 780, 19.822643, 0.330377
60, 780, 19.657740, 0.327629
60, 780, 19.626074, 0.327101
60, 780, 19.574968, 0.326249
60, 780, 19.636833, 0.327281
60, 780, 19.484974, 0.324750
60, 780, 19.520439, 0.325341
60, 780, 19.861313, 0.331022
60, 780, 19.722166, 0.328703
60, 780, 19.588526, 0.326475
60, 780, 19.764116, 0.329402
60, 780, 19.708296, 0.328472
60, 780, 19.941460, 0.332358
60, 780, 19.862972, 0.331050
60, 780, 19.738512, 0.328975
60, 780, 19.806849, 0.330114
60, 780, 19.494923, 0.324915
60, 780, 19.605988, 0.326766
60, 780, 19.976887, 0.332948
60, 780, 19.643768, 0.327396
60, 780, 19.538450, 0.325641
60, 780, 19.519413, 0.325324
60, 780, 19.962393, 0.332707
60, 780, 19.535690, 0.325595
60, 780, 19.646809, 0.327447
60, 780, 18.602467, 0.310041
60, 780, 19.684689, 0.328078
60, 780, 20.017302, 0.333622
60, 780, 19.632872, 0.327215
60, 780, 19.706942, 0.328449
60, 780, 19.544859, 0.325748
60, 780, 19.213163, 0.320219
60, 780, 19.877783, 0.331296
60, 780, 19.647661, 0.327461
60, 780, 19.821947, 0.330366
60, 780, 19.792482, 0.329875
60, 780, 19.515303, 0.325255
60, 780, 19.543179, 0.325720
60, 780, 19.717607, 0.328627
60, 780, 19.376059, 0.322934
60, 780, 19.724840, 0.328747
60, 780, 19.968828, 0.332814
60, 780, 19.493759, 0.324896
60, 780, 19.512836, 0.325214
60, 780, 19.813290, 0.330222
60, 780, 19.326429, 0.322107
60, 780, 19.613617, 0.326894
60, 780, 19.584435, 0.326407
60, 780, 19.852062, 0.330868
60, 780, 19.879307, 0.331322
60, 780, 19.849121, 0.330819
60, 780, 19.923820, 0.332064
60, 780, 19.639828, 0.327330
60, 780, 19.657734, 0.327629
60, 780, 19.750771, 0.329180
60, 780, 19.973976, 0.332900
60, 780, 19.885929, 0.331432
60, 780, 20.016390, 0.333606
60, 780, 19.833269, 0.330554
60, 780, 19.564072, 0.326068
60, 780, 19.600243, 0.326671
60, 780, 19.898884, 0.331648
60, 780, 19.832109, 0.330535
60, 780, 19.328568, 0.322143
60, 780, 19.792240, 0.329871
60, 780, 19.474037, 0.324567
60, 780, 20.090492, 0.334842
60, 780, 19.640722, 0.327345
60, 780, 19.731392, 0.328857
60, 780, 19.893003, 0.331550
60, 780, 19.627958, 0.327133
60, 780, 19.931355, 0.332189
60, 780, 19.649408, 0.327490
60, 780, 20.074747, 0.334579
60, 780, 20.018312, 0.333639
60, 780, 19.332594, 0.322210
60, 780, 19.846731, 0.330779
60, 780, 19.994696, 0.333245
60, 780, 19.677399, 0.327957
60, 780, 19.817852, 0.330298
60, 780, 19.919868, 0.331998
60, 780, 19.916040, 0.331934
60, 780, 20.012108, 0.333535
60, 780, 19.440815, 0.324014
60, 780, 19.569868, 0.326164
60, 780, 18.586277, 0.309771
60, 780, 20.162716, 0.336045
60, 780, 19.751022, 0.329184
60, 780, 19.685408, 0.328090
60, 780, 19.764189, 0.329403
60, 780, 19.877680, 0.331295
60, 780, 19.674709, 0.327912
60, 780, 20.138733, 0.335646
60, 780, 19.599794, 0.326663
60, 780, 19.688007, 0.328133
60, 780, 20.017673, 0.333628
60, 780, 19.796532, 0.329942
60, 780, 19.924292, 0.332072
60, 780, 19.857313, 0.330955
60, 780, 20.155500, 0.335925
60, 780, 19.934113, 0.332235
60, 780, 19.817945, 0.330299
60, 780, 20.148729, 0.335812
60, 780, 20.077209, 0.334620
60, 780, 19.607424, 0.326790
60, 780, 20.000374, 0.333340
60, 780, 19.390776, 0.323180
60, 780, 19.436550, 0.323942
60, 780, 19.786407, 0.329773
60, 780, 20.110409, 0.335174
60, 780, 19.224434, 0.320407
60, 780, 18.418634, 0.306977
60, 780, 19.706383, 0.328440
60, 780, 19.666948, 0.327782
60, 780, 19.795444, 0.329924
60, 780, 19.883856, 0.331398
60, 780, 19.704239, 0.328404
60, 780, 19.167994, 0.319467
60, 780, 20.204527, 0.336742
60, 780, 19.808834, 0.330147
60, 780, 19.771313, 0.329522
60, 780, 19.838728, 0.330645
60, 780, 19.763247, 0.329387
60, 780, 19.960356, 0.332673
60, 780, 20.202776, 0.336713
60, 780, 20.193670, 0.336561
60, 780, 20.164961, 0.336083
60, 780, 20.162971, 0.336050
60, 780, 20.247494, 0.337458
60, 780, 20.108181, 0.335136
60, 780, 19.857632, 0.330961
60, 780, 19.744570, 0.329076
60, 780, 19.436573, 0.323943
60, 780, 19.775961, 0.329599
60, 780, 20.035185, 0.333920
60, 780, 20.191820, 0.336530
60, 780, 20.234840, 0.337247
60, 780, 20.014893, 0.333582
60, 780, 20.103662, 0.335061
60, 780, 20.074572, 0.334576
60, 780, 19.813007, 0.330217
60, 780, 20.165558, 0.336093
60, 780, 19.864859, 0.331081
60, 780, 20.173218, 0.336220
60, 780, 19.820299, 0.330338
60, 780, 20.262726, 0.337712
60, 780, 19.991426, 0.333190
60, 780, 20.310169, 0.338503
60, 780, 20.047762, 0.334129
60, 780, 20.157545, 0.335959
60, 780, 20.188959, 0.336483
60, 780, 19.341051, 0.322351
60, 780, 19.971239, 0.332854
60, 780, 19.854916, 0.330915
60, 780, 19.938505, 0.332308
60, 780, 19.763729, 0.329396
60, 780, 20.181540, 0.336359
60, 780, 20.295170, 0.338253
60, 780, 19.938620, 0.332310
60, 780, 19.692795, 0.328213
60, 780, 20.039696, 0.333995
60, 780, 19.942081, 0.332368
60, 780, 19.923519, 0.332059
60, 780, 19.866304, 0.331105
60, 780, 19.928850, 0.332148
60, 780, 19.850756, 0.330846
60, 780, 20.192696, 0.336545
60, 780, 19.854021, 0.330900
60, 780, 19.795202, 0.329920
60, 780, 20.172644, 0.336211
60, 780, 20.235933, 0.337266
60, 780, 20.317453, 0.338624
60, 780, 20.089445, 0.334824
60, 780, 19.942484, 0.332375
60, 780, 19.950882, 0.332515
60, 780, 19.868412, 0.331140
60, 780, 18.923740, 0.315396
60, 780, 19.892660, 0.331544
60, 780, 20.223392, 0.337057
60, 780, 19.978415, 0.332974
60, 780, 20.239197, 0.337320
60, 780, 20.067886, 0.334465
60, 780, 20.262003, 0.337700
60, 780, 20.265720, 0.337762
60, 780, 20.295380, 0.338256
60, 780, 20.355743, 0.339262
60, 780, 20.274521, 0.337909
60, 780, 19.866295, 0.331105
60, 780, 20.413246, 0.340221
60, 780, 20.370668, 0.339511
60, 780, 20.412571, 0.340210
60, 780, 20.384895, 0.339748
60, 780, 20.393728, 0.339895
60, 780, 20.176298, 0.336272
60, 780, 20.013964, 0.333566
60, 780, 20.128761, 0.335479
60, 780, 20.289928, 0.338165
60, 780, 19.581303, 0.326355
60, 780, 20.110199, 0.335170
60, 780, 20.064047, 0.334401
60, 780, 19.931322, 0.332189
60, 780, 20.317694, 0.338628
60, 780, 19.956842, 0.332614
60, 780, 20.319494, 0.338658
60, 780, 20.001883, 0.333365
60, 780, 20.123053, 0.335384
60, 780, 20.173534, 0.336226
60, 780, 20.032419, 0.333874
60, 780, 20.051880, 0.334198
60, 780, 20.424952, 0.340416
60, 780, 20.335930, 0.338932
60, 780, 20.108316, 0.335139
60, 780, 20.095741, 0.334929
60, 780, 20.167084, 0.336118
60, 780, 19.957909, 0.332632
60, 780, 20.351715, 0.339195
60, 780, 20.350868, 0.339181
60, 780, 20.160736, 0.336012
60, 780, 20.389814, 0.339830
60, 780, 20.329109, 0.338818
60, 780, 20.201231, 0.336687
60, 780, 20.125927, 0.335432
60, 780, 20.081917, 0.334699
60, 780, 20.467960, 0.341133
60, 780, 20.111198, 0.335187
60, 780, 20.173792, 0.336230
60, 780, 20.381317, 0.339689
60, 780, 20.354885, 0.339248
60, 780, 19.020988, 0.317016
60, 780, 20.326847, 0.338781
60, 780, 20.202675, 0.336711
60, 780, 20.466791, 0.341113
60, 780, 20.293205, 0.338220
60, 780, 20.178413, 0.336307
60, 780, 20.064837, 0.334414
60, 780, 20.060455, 0.334341
60, 780, 20.372066, 0.339534
60, 780, 20.467136, 0.341119
60, 780, 20.485853, 0.341431
60, 780, 20.477345, 0.341289
60, 780, 20.257849, 0.337631
60, 780, 20.119022, 0.335317
60, 780, 20.006380, 0.333440
60, 780, 20.182325, 0.336372
60, 780, 20.412958, 0.340216
60, 780, 20.150164, 0.335836
60, 780, 20.005016, 0.333417
60, 780, 20.051241, 0.334187
60, 780, 20.069675, 0.334495
60, 780, 20.051985, 0.334200
60, 780, 20.145378, 0.335756
60, 780, 20.163757, 0.336063
60, 780, 20.076782, 0.334613
60, 780, 20.170563, 0.336176
60, 780, 19.718441, 0.328641
60, 780, 20.428093, 0.340468
60, 780, 20.190971, 0.336516
60, 780, 20.066620, 0.334444
60, 780, 20.029745, 0.333829
60, 780, 19.962786, 0.332713
60, 780, 19.692373, 0.328206
60, 780, 20.304071, 0.338401
60, 780, 20.181984, 0.336366
60, 780, 20.231264, 0.337188
60, 780, 20.433916, 0.340565
60, 780, 20.188305, 0.336472
60, 780, 20.115669, 0.335261
60, 780, 20.220772, 0.337013
60, 780, 20.202942, 0.336716
60, 780, 20.100941, 0.335016
60, 780, 20.075949, 0.334599
60, 780, 20.405859, 0.340098
60, 780, 19.878056, 0.331301
60, 780, 20.204105, 0.336735
60, 780, 20.348248, 0.339137
60, 780, 20.277401, 0.337957
60, 780, 20.611006, 0.343517
60, 780, 20.496622, 0.341610
60, 780, 20.446682, 0.340778
60, 780, 20.425762, 0.340429
60, 780, 20.234863, 0.337248
60, 780, 20.429453, 0.340491
60, 780, 20.630486, 0.343841
60, 780, 20.598825, 0.343314
60, 780, 20.479298, 0.341322
60, 780, 20.548492, 0.342475
60, 780, 20.094286, 0.334905
60, 780, 20.454927, 0.340916
60, 780, 20.233799, 0.337230
60, 780, 20.433411, 0.340557
60, 780, 20.151178, 0.335853
60, 780, 20.193310, 0.336555
60, 780, 19.172031, 0.319534
60, 780, 19.860161, 0.331003
60, 780, 20.522738, 0.342046
60, 780, 20.101954, 0.335033
60, 780, 20.644388, 0.344073
60, 780, 20.164543, 0.336076
60, 780, 20.652443, 0.344207
60, 780, 20.621193, 0.343687
60, 780, 20.302935, 0.338382
60, 780, 20.233294, 0.337222
60, 780, 19.869953, 0.331166
60, 780, 20.360643, 0.339344
60, 780, 20.137375, 0.335623
60, 780, 20.519165, 0.341986
60, 780, 20.177469, 0.336291
60, 780, 20.189085, 0.336485
60, 780, 20.267252, 0.337788
60, 780, 20.328133, 0.338802
60, 780, 20.552330, 0.342539
60, 780, 20.179653, 0.336328
60, 780, 20.260813, 0.337680
60, 780, 20.212128, 0.336869
60, 780, 20.513432, 0.341891
60, 780, 20.371132, 0.339519
60, 780, 20.672726, 0.344545
60, 780, 20.600311, 0.343339
60, 780, 20.455009, 0.340917
60, 780, 20.612154, 0.343536
60, 780, 20.589670, 0.343161
60, 780, 20.357706, 0.339295
60, 780, 20.527866, 0.342131
60, 780, 20.261158, 0.337686
60, 780, 20.727188, 0.345453
60, 780, 20.584759, 0.343079
60, 780, 20.289650, 0.338161
60, 780, 20.556046, 0.342601
60, 780, 20.238205, 0.337303
60, 780, 20.556129, 0.342602
60, 780, 20.255762, 0.337596
60, 780, 20.582918, 0.343049
60, 780, 20.604044, 0.343401
60, 780, 20.025127, 0.333752
60, 780, 20.609959, 0.343499
60, 780, 20.347654, 0.339128
60, 780, 20.467318, 0.341122
60, 780, 20.722698, 0.345378
60, 780, 20.620020, 0.343667
60, 780, 20.725784, 0.345430
60, 780, 19.266172, 0.321103
60, 780, 20.410526, 0.340175
60, 780, 20.592422, 0.343207
60, 780, 20.648773, 0.344146
60, 780, 20.609043, 0.343484
60, 780, 20.582258, 0.343038
60, 780, 20.616285, 0.343605
60, 780, 20.475990, 0.341266
60, 780, 20.213293, 0.336888
60, 780, 20.770834, 0.346181
60, 780, 20.520761, 0.342013
60, 780, 20.515520, 0.341925
60, 780, 20.279200, 0.337987
60, 780, 19.234083, 0.320568
60, 780, 20.348345, 0.339139
60, 780, 19.617266, 0.326954
60, 780, 20.390459, 0.339841
60, 780, 20.400814, 0.340014
60, 780, 20.326437, 0.338774
60, 780, 20.257711, 0.337629
60, 780, 20.685349, 0.344756
60, 780, 20.390898, 0.339848
60, 780, 20.697554, 0.344959
60, 780, 20.600065, 0.343334
60, 780, 20.416485, 0.340275
60, 780, 20.524187, 0.342070
60, 780, 20.744976, 0.345750
60, 780, 20.349953, 0.339166
60, 780, 20.354940, 0.339249
60, 780, 20.577103, 0.342952
60, 780, 20.450499, 0.340842
60, 780, 20.630106, 0.343835
60, 780, 20.485109, 0.341419
60, 780, 20.840425, 0.347340
60, 780, 20.287407, 0.338123
60, 780, 20.793535, 0.346559
60, 780, 20.389889, 0.339831
60, 780, 20.859238, 0.347654
60, 780, 20.817129, 0.346952
60, 780, 20.453644, 0.340894
60, 780, 20.026764, 0.333779
60, 780, 20.624668, 0.343744
60, 780, 19.336645, 0.322277
60, 780, 20.612730, 0.343545
60, 780, 20.840870, 0.347348
60, 780, 20.207085, 0.336785
60, 780, 20.822050, 0.347034
60, 780, 20.729984, 0.345500
60, 780, 20.402491, 0.340042
60, 780, 20.831512, 0.347192
60, 780, 20.736546, 0.345609
60, 780, 20.344517, 0.339075
60, 780, 20.590044, 0.343167
60, 780, 20.756981, 0.345950
60, 780, 20.477123, 0.341285
60, 780, 20.346029, 0.339101
60, 780, 20.675644, 0.344594
60, 780, 19.384220, 0.323070
60, 780, 20.027630, 0.333794
60, 780, 20.473427, 0.341224
60, 780, 20.661133, 0.344352
60, 780, 20.280352, 0.338006
60, 780, 20.628485, 0.343808
60, 780, 20.081066, 0.334684
60, 780, 20.882967, 0.348049
60, 780, 20.752199, 0.345870
60, 780, 20.066847, 0.334447
60, 780, 20.674774, 0.344580
60, 780, 20.313683, 0.338561
60, 780, 20.363302, 0.339388
60, 780, 20.467484, 0.341125
60, 780, 20.851654, 0.347528
60, 780, 20.909115, 0.348485
60, 780, 20.471060, 0.341184
60, 780, 20.878010, 0.347967
60, 780, 20.512136, 0.341869
60, 780, 20.745478, 0.345758
60, 780, 20.773663, 0.346228
60, 780, 20.754503, 0.345908
60, 780, 20.874117, 0.347902
60, 780, 20.856295, 0.347605
60, 780, 20.539022, 0.342317
60, 780, 20.554064, 0.342568
60, 780, 20.754293, 0.345905
60, 780, 20.752155, 0.345869
60, 780, 20.557451, 0.342624
60, 780, 20.499926, 0.341665
60, 780, 20.711872, 0.345198
60, 780, 20.569187, 0.342820
60, 780, 19.427559, 0.323793
60, 780, 20.513439, 0.341891
60, 780, 20.488945, 0.341482
60, 780, 20.321844, 0.338697
60, 780, 20.873224, 0.347887
60, 780, 20.891565, 0.348193
60, 780, 20.520254, 0.342004
60, 780, 20.800220, 0.346670
60, 780, 20.232384, 0.337206
60, 780, 20.387520, 0.339792
60, 780, 20.738276, 0.345638
60, 780, 20.473137, 0.341219
60, 780, 20.548887, 0.342481
60, 780, 20.591282, 0.343188
60, 780, 20.637800, 0.343963
60, 780, 20.176188, 0.336270
60, 780, 20.758245, 0.345971
60, 780, 20.810535, 0.346842
60, 780, 20.365614, 0.339427
60, 780, 20.901926, 0.348365
60, 780, 20.503744, 0.341729
60, 780, 20.833822, 0.347230
60, 780, 20.970070, 0.349501
60, 780, 20.626070, 0.343768
60, 780, 20.772974, 0.346216
60, 780, 20.855505, 0.347592
60, 780, 20.882925, 0.348049
60, 780, 20.869335, 0.347822
60, 780, 20.455709, 0.340928
60, 780, 20.621792, 0.343697
60, 780, 20.725424, 0.345424
60, 780, 20.855169, 0.347586
60, 780, 20.447327, 0.340789
60, 780, 20.505625, 0.341760
60, 780, 20.791616, 0.346527
60, 780, 20.659046, 0.344317
60, 780, 20.145836, 0.335764
60, 780, 20.700222, 0.345004
60, 780, 19.415092, 0.323585
60, 780, 20.496778, 0.341613
60, 780, 20.892740, 0.348212
60, 780, 20.768469, 0.346141
60, 780, 20.875866, 0.347931
60, 780, 20.649258, 0.344154
60, 780, 20.577435, 0.342957
60, 780, 20.902683, 0.348378
60, 780, 20.732336, 0.345539
60, 780, 20.975836, 0.349597
60, 780, 20.933435, 0.348891
60, 780, 20.616636, 0.343611
60, 780, 20.655651, 0.344261
60, 780, 20.639275, 0.343988
60, 780, 20.688120, 0.344802
60, 780, 20.734694, 0.345578
60, 780, 20.757494, 0.345958
60, 780, 20.905468, 0.348424
60, 780, 20.747456, 0.345791
60, 780, 21.052713, 0.350879
60, 780, 20.797773, 0.346630
60, 780, 20.962700, 0.349378
60, 780, 20.951082, 0.349185
60, 780, 20.673908, 0.344565
60, 780, 21.034933, 0.350582
60, 780, 20.981073, 0.349685
60, 780, 21.018042, 0.350301
60, 780, 21.053226, 0.350887
60, 780, 20.821413, 0.347024
60, 780, 20.607313, 0.343455
60, 780, 20.758945, 0.345982
60, 780, 20.796352, 0.346606
60, 780, 20.661709, 0.344362
60, 780, 21.065350, 0.351089
60, 780, 20.694729, 0.344912
60, 780, 20.951811, 0.349197
60, 780, 20.942160, 0.349036
60, 780, 20.665224, 0.344420
60, 780, 20.705532, 0.345092
60, 780, 20.943895, 0.349065
60, 780, 20.615948, 0.343599
60, 780, 20.976707, 0.349612
60, 780, 20.547295, 0.342455
60, 780, 20.782518, 0.346375
60, 780, 20.698341, 0.344972
60, 780, 20.738783, 0.345646
60, 780, 20.979958, 0.349666
60, 780, 20.273001, 0.337883
60, 780, 20.677176, 0.344620
60, 780, 20.629414, 0.343824
60, 780, 20.917416, 0.348624
60, 780, 21.025864, 0.350431
60, 780, 20.908758, 0.348479
60, 780, 20.726946, 0.345449
60, 780, 20.627861, 0.343798
60, 780, 20.393660, 0.339894
60, 780, 19.557247, 0.325954
60, 780, 21.060848, 0.351014
60, 780, 20.629856, 0.343831
60, 780, 21.001614, 0.350027
60, 780, 20.843554, 0.347393
60, 780, 20.342487, 0.339041
60, 780, 20.683447, 0.344724
60, 780, 20.867603, 0.347793
60, 780, 21.101770, 0.351696
60, 780, 21.051804, 0.350863
60, 780, 21.103971, 0.351733
60, 780, 20.995426, 0.349924
60, 780, 20.867788, 0.347796
60, 780, 20.801744, 0.346696
60, 780, 20.686670, 0.344778
60, 780, 20.947573, 0.349126
60, 780, 20.771790, 0.346196
60, 780, 21.136751, 0.352279
60, 780, 17.493059, 0.291551
60, 780, 20.791153, 0.346519
60, 780, 20.934233, 0.348904
60, 780, 20.637680, 0.343961
60, 780, 20.932211, 0.348870
60, 780, 20.628595, 0.343810
60, 780, 20.411783, 0.340196
60, 780, 21.161144, 0.352686
60, 780, 20.733938, 0.345566
60, 780, 20.898186, 0.348303
60, 780, 20.863428, 0.347724
60, 780, 20.817518, 0.346959
60, 780, 21.023653, 0.350394
60, 780, 21.124403, 0.352073
60, 780, 20.999662, 0.349994
60, 780, 20.842949, 0.347382
60, 780, 21.042601, 0.350710
60, 780, 21.000921, 0.350015
60, 780, 20.678486, 0.344641
60, 780, 21.005238, 0.350087
60, 780, 20.820580, 0.347010
60, 780, 20.624992, 0.343750
60, 780, 20.905981, 0.348433
60, 780, 21.046877, 0.350781
60, 780, 20.639845, 0.343997
60, 780, 21.112436, 0.351874
60, 780, 21.169306, 0.352822
60, 780, 21.178780, 0.352980
60, 780, 20.808258, 0.346804
60, 780, 20.718399, 0.345307
60, 780, 20.693464, 0.344891
60, 780, 20.840174, 0.347336
60, 780, 20.999924, 0.349999
60, 780, 19.838192, 0.330637
60, 780, 20.812649, 0.346877
60, 780, 20.730291, 0.345505
60, 780, 21.140331, 0.352339
60, 780, 19.690647, 0.328177
60, 780, 21.050980, 0.350850
60, 780, 21.160992, 0.352683
60, 780, 21.198601, 0.353310
60, 780, 21.152878, 0.352548
60, 780, 21.161404, 0.352690
60, 780, 21.093048, 0.351551
60, 780, 21.177500, 0.352958
60, 780, 21.147785, 0.352463
60, 780, 21.140331, 0.352339
60, 780, 20.810247, 0.346837
60, 780, 20.833256, 0.347221
60, 780, 20.976906, 0.349615
60, 780, 21.049015, 0.350817
60, 780, 20.371092, 0.339518
60, 780, 20.516706, 0.341945
60, 780, 20.774330, 0.346239
60, 780, 21.172577, 0.352876
60, 780, 20.953836, 0.349231
60, 780, 20.958191, 0.349303
60, 780, 20.971270, 0.349521
60, 780, 20.802237, 0.346704
60, 780, 20.824810, 0.347080
60, 780, 21.055803, 0.350930
60, 780, 21.166830, 0.352780
60, 780, 21.192392, 0.353207
60, 780, 20.837568, 0.347293
60, 780, 21.118076, 0.351968
60, 780, 20.637482, 0.343958
60, 780, 20.715288, 0.345255
60, 780, 20.945965, 0.349099
60, 780, 20.688852, 0.344814
60, 780, 20.941174, 0.349020
60, 780, 21.112865, 0.351881
60, 780, 21.077387, 0.351290
60, 780, 20.703110, 0.345052
60, 780, 20.802927, 0.346715
60, 780, 20.205210, 0.336754
60, 780, 21.130306, 0.352172
60, 780, 21.232586, 0.353876
60, 780, 19.635647, 0.327261
60, 780, 20.933260, 0.348888
60, 780, 20.748938, 0.345816
60, 780, 20.921787, 0.348696
60, 780, 20.889067, 0.348151
60, 780, 20.691277, 0.344855
60, 780, 20.871876, 0.347865
60, 780, 21.138334, 0.352306
60, 780, 21.121141, 0.352019
60, 780, 21.122309, 0.352038
60, 780, 21.149302, 0.352488
60, 780, 20.895512, 0.348259
60, 780, 19.800705, 0.330012
60, 780, 20.756395, 0.345940
60, 780, 20.879009, 0.347983
60, 780, 20.939684, 0.348995
60, 780, 21.144751, 0.352413
60, 780, 21.227188, 0.353786
60, 780, 21.089048, 0.351484
60, 780, 20.490669, 0.341511
60, 780, 20.903044, 0.348384
60, 780, 21.131321, 0.352189
60, 780, 21.210846, 0.353514
60, 780, 21.281954, 0.354699
60, 780, 20.930500, 0.348842
60, 780, 21.286209, 0.354770
60, 780, 21.048773, 0.350813
60, 780, 20.856434, 0.347607
60, 780, 21.132870, 0.352214
60, 780, 21.187880, 0.353131
60, 780, 21.258076, 0.354301
60, 780, 21.281759, 0.354696
60, 780, 20.939333, 0.348989
60, 780, 20.604692, 0.343412
60, 780, 21.159084, 0.352651
60, 780, 21.030581, 0.350510
60, 780, 21.200726, 0.353345
60, 780, 21.007067, 0.350118
60, 780, 20.934158, 0.348903
60, 780, 21.291348, 0.354856
60, 780, 19.804401, 0.330073
60, 780, 20.928532, 0.348809
60, 780, 20.933393, 0.348890
60, 780, 21.010689, 0.350178
60, 780, 21.249399, 0.354157
60, 780, 20.865734, 0.347762
60, 780, 20.898975, 0.348316
60, 780, 21.128145, 0.352136
60, 780, 20.666073, 0.344435
60, 780, 21.031191, 0.350520
60, 780, 21.005676, 0.350095
60, 780, 21.003719, 0.350062
60, 780, 21.362665, 0.356044
60, 780, 20.964664, 0.349411
60, 780, 21.016884, 0.350281
60, 780, 21.211765, 0.353529
60, 780, 21.015160, 0.350253
60, 780, 20.871771, 0.347863
60, 780, 20.937138, 0.348952
60, 780, 21.243544, 0.354059
60, 780, 19.613220, 0.326887
60, 780, 21.170496, 0.352842
60, 780, 21.101448, 0.351691
60, 780, 21.030977, 0.350516
60, 780, 21.231022, 0.353850
60, 780, 19.828817, 0.330480
60, 780, 21.028595, 0.350477
60, 780, 21.336922, 0.355615
60, 780, 21.049824, 0.350830
60, 780, 20.991350, 0.349856
60, 780, 20.497053, 0.341618
60, 780, 21.255133, 0.354252
60, 780, 20.393122, 0.339885
60, 780, 21.328081, 0.355468
60, 780, 20.881697, 0.348028
60, 780, 20.974369, 0.349573
60, 780, 20.650917, 0.344182
60, 780, 20.952463, 0.349208
60, 780, 21.328247, 0.355471
60, 780, 21.332729, 0.355545
60, 780, 21.191092, 0.353185
60, 780, 21.280037, 0.354667
60, 780, 20.845892, 0.347432
60, 780, 21.364912, 0.356082
60, 780, 21.202085, 0.353368
60, 780, 21.333683, 0.355561
60, 780, 20.919504, 0.348658
60, 780, 21.061941, 0.351032
60, 780, 21.164841, 0.352747
60, 780, 21.160294, 0.352672
60, 780, 20.892963, 0.348216
60, 780, 19.855976, 0.330933
60, 780, 20.912258, 0.348538
60, 780, 21.059963, 0.350999
60, 780, 20.692120, 0.344869
60, 780, 21.386290, 0.356438
60, 780, 21.026299, 0.350438
60, 780, 21.419392, 0.356990
60, 780, 21.009489, 0.350158
60, 780, 21.260395, 0.354340
60, 780, 21.418816, 0.356980
60, 780, 21.264904, 0.354415
60, 780, 21.297777, 0.354963
60, 780, 21.121939, 0.352032
60, 780, 20.968586, 0.349476
60, 780, 20.886034, 0.348101
60, 780, 21.022026, 0.350367
60, 780, 21.085327, 0.351422
60, 780, 21.360828, 0.356014
60, 780, 21.135452, 0.352258
60, 780, 21.413015, 0.356884
60, 780, 21.192478, 0.353208
60, 780, 21.287199, 0.354787
60, 780, 21.322737, 0.355379
60, 780, 21.184752, 0.353079
60, 780, 21.422346, 0.357039
60, 780, 21.307589, 0.355126
60, 780, 21.306078, 0.355101
60, 780, 21.155516, 0.352592
60, 780, 21.417566, 0.356959
60, 780, 20.913071, 0.348551
60, 780, 21.007275, 0.350121
60, 780, 21.121037, 0.352017
60, 780, 20.931761, 0.348863
60, 780, 21.209476, 0.353491
60, 780, 21.382614, 0.356377
60, 780, 21.377710, 0.356295
60, 780, 20.838457, 0.347308
60, 780, 21.439758, 0.357329
60, 780, 20.879618, 0.347994
60, 780, 21.155523, 0.352592
60, 780, 20.991892, 0.349865
60, 780, 21.064449, 0.351074
60, 780, 21.165600, 0.352760
60, 780, 21.292543, 0.354876
60, 780, 20.957781, 0.349296
60, 780, 20.966452, 0.349441
60, 780, 21.392683, 0.356545
60, 780, 20.751064, 0.345851
60, 780, 19.865160, 0.331086
60, 780, 21.338099, 0.355635
60, 780, 21.163746, 0.352729
60, 780, 21.024561, 0.350409
60, 780, 21.481583, 0.358026
60, 780, 21.342363, 0.355706
60, 780, 20.992924, 0.349882
60, 780, 21.358303, 0.355972
60, 780, 20.961851, 0.349364
60, 780, 21.095566, 0.351593
60, 780, 21.181297, 0.353022
60, 780, 20.954178, 0.349236
60, 780, 21.153542, 0.352559
60, 780, 21.373829, 0.356230
60, 780, 21.106544, 0.351776
60, 780, 20.702372, 0.345040
60, 780, 21.061071, 0.351018
60, 780, 17.622190, 0.293703
60, 780, 21.156977, 0.352616
60, 780, 21.173065, 0.352884
60, 780, 21.014830, 0.350247
60, 780, 20.936993, 0.348950
60, 780, 21.466337, 0.357772
60, 780, 21.481977, 0.358033
60, 780, 21.449377, 0.357490
60, 780, 21.182465, 0.353041
60, 780, 21.340572, 0.355676
60, 780, 21.211020, 0.353517
60, 780, 21.376646, 0.356277
60, 780, 20.735842, 0.345597
60, 780, 19.922087, 0.332035
60, 780, 21.280622, 0.354677
60, 780, 21.514605, 0.358577
60, 780, 21.050236, 0.350837
60, 780, 21.002583, 0.350043
60, 780, 20.734610, 0.345577
60, 780, 21.101347, 0.351689
60, 780, 21.283115, 0.354719
60, 780, 21.538769, 0.358979
60, 780, 21.420309, 0.357005
60, 780, 21.109312, 0.351822
60, 780, 21.306980, 0.355116
60, 780, 21.428814, 0.357147
60, 780, 20.979204, 0.349653
60, 780, 21.409819, 0.356830
60, 780, 19.988131, 0.333135
60, 780, 21.138687, 0.352311
60, 780, 20.138485, 0.335641
60, 780, 20.096336, 0.334939
60, 780, 21.275875, 0.354598
60, 780, 21.054897, 0.350915
60, 780, 21.240709, 0.354012
60, 780, 21.386061, 0.356434
60, 780, 21.445255, 0.357421
60, 780, 21.452250, 0.357537
60, 780, 21.028790, 0.350480
60, 780, 21.531363, 0.358856
60, 780, 21.247208, 0.354120
60, 780, 21.405081, 0.356751
60, 780, 21.428185, 0.357136
60, 780, 19.976187, 0.332936
60, 780, 21.206568, 0.353443
60, 780, 21.349249, 0.355821
60, 780, 21.391804, 0.356530
60, 780, 21.480831, 0.358014
60, 780, 21.145832, 0.352431
60, 780, 21.404865, 0.356748
60, 780, 21.284584, 0.354743
60, 780, 20.788708, 0.346478
60, 780, 20.666595, 0.344443
60, 780, 21.295206, 0.354920
60, 780, 21.608013, 0.360134
60, 780, 21.137747, 0.352296
60, 780, 21.450010, 0.357500
60, 780, 21.058039, 0.350967
60, 780, 21.487921, 0.358132
60, 780, 21.209290, 0.353488
60, 780, 17.956831, 0.299281
60, 780, 20.806736, 0.346779
60, 780, 21.286259, 0.354771
60, 780, 21.589781, 0.359830
60, 780, 21.284239, 0.354737
60, 780, 21.586458, 0.359774
60, 780, 21.590141, 0.359836
60, 780, 20.927170, 0.348786
60, 780, 21.492384, 0.358206
60, 780, 21.337063, 0.355618
60, 780, 21.105291, 0.351755
60, 780, 21.446766, 0.357446
60, 780, 21.361612, 0.356027
60, 780, 20.809988, 0.346833
60, 780, 21.496119, 0.358269
60, 780, 21.651604, 0.360860
60, 780, 20.151649, 0.335861
60, 780, 21.499290, 0.358322
60, 780, 21.534618, 0.358910
60, 780, 21.311581, 0.355193
60, 780, 21.262049, 0.354367
60, 780, 21.550932, 0.359182
60, 780, 21.235647, 0.353927
60, 780, 21.595776, 0.359930
60, 780, 21.191946, 0.353199
60, 780, 21.508076, 0.358468
60, 780, 21.161322, 0.352689
60, 780, 21.255333, 0.354256
60, 780, 21.453943, 0.357566
60, 780, 21.639036, 0.360651
60, 780, 21.434256, 0.357238
60, 780, 21.344242, 0.355737
60, 780, 21.137625, 0.352294
60, 780, 21.307350, 0.355123
60, 780, 21.515944, 0.358599
60, 780, 21.265684, 0.354428
60, 780, 21.159765, 0.352663
60, 780, 21.688595, 0.361477
60, 780, 21.492641, 0.358211
60, 780, 21.333515, 0.355559
60, 780, 21.440428, 0.357340
60, 780, 21.402586, 0.356710
60, 780, 21.340685, 0.355678
60, 780, 20.885036, 0.348084
60, 780, 21.429527, 0.357159
60, 780, 21.575073, 0.359585
60, 780, 21.527330, 0.358789
60, 780, 21.582993, 0.359717
60, 780, 21.526379, 0.358773
60, 780, 21.609354, 0.360156
60, 780, 21.604736, 0.360079
60, 780, 21.189909, 0.353165
60, 780, 21.562771, 0.359380
60, 780, 21.487253, 0.358121
60, 780, 21.596539, 0.359942
60, 780, 21.312872, 0.355215
60, 780, 21.175478, 0.352925
60, 780, 21.276606, 0.354610
60, 780, 21.702688, 0.361712
60, 780, 21.272377, 0.354540
60, 780, 21.526735, 0.358779
60, 780, 21.706837, 0.361781
60, 780, 20.959978, 0.349333
60, 780, 21.589399, 0.359823
60, 780, 18.071474, 0.301191
60, 780, 21.009266, 0.350154
60, 780, 20.895779, 0.348263
60, 780, 21.314604, 0.355243
60, 780, 21.737505, 0.362292
60, 780, 21.208008, 0.353467
60, 780, 21.313107, 0.355218
60, 780, 21.296778, 0.354946
60, 780, 21.265724, 0.354429
60, 780, 21.475157, 0.357919
60, 780, 21.253653, 0.354228
60, 780, 21.633093, 0.360552
60, 780, 21.393877, 0.356565
60, 780, 21.614702, 0.360245
60, 780, 21.318037, 0.355301
60, 780, 20.272522, 0.337875
60, 780, 21.356905, 0.355948
60, 780, 21.702621, 0.361710
60, 780, 21.596691, 0.359945
60, 780, 21.249792, 0.354163
60, 780, 21.290104, 0.354835
60, 780, 21.282705, 0.354712
60, 780, 21.305832, 0.355097
60, 780, 21.268175, 0.354470
60, 780, 20.898245, 0.348304
60, 780, 21.785872, 0.363098
60, 780, 21.285236, 0.354754
60, 780, 21.729425, 0.362157
60, 780, 21.585842, 0.359764
60, 780, 21.647598, 0.360793
60, 780, 21.248341, 0.354139
60, 780, 21.381355, 0.356356
60, 780, 21.655922, 0.360932
60, 780, 20.164879, 0.336081
60, 780, 21.097761, 0.351629
60, 780, 21.773506, 0.362892
60, 780, 21.422523, 0.357042
60, 780, 21.024776, 0.350413
60, 780, 21.013762, 0.350229
60, 780, 21.364759, 0.356079
60, 780, 21.269411, 0.354490
60, 780, 21.388548, 0.356476
60, 780, 21.676950, 0.361282
60, 780, 21.610172, 0.360170
60, 780, 21.511608, 0.358527
60, 780, 20.202431, 0.336707
60, 780, 21.421181, 0.357020
60, 780, 21.512365, 0.358539
60, 780, 21.685633, 0.361427
60, 780, 21.714350, 0.361906
60, 780, 21.664635, 0.361077
60, 780, 21.333176, 0.355553
60, 780, 21.337856, 0.355631
60, 780, 21.691690, 0.361528
60, 780, 21.670792, 0.361180
60, 780, 20.236223, 0.337270
60, 780, 21.719654, 0.361994
60, 780, 21.347906, 0.355798
60, 780, 18.203102, 0.303385
60, 780, 21.725668, 0.362094
60, 780, 21.544758, 0.359079
60, 780, 20.367447, 0.339457
60, 780, 21.899481, 0.364991
60, 780, 21.813040, 0.363551
60, 780, 21.828650, 0.363811
60, 780, 21.318043, 0.355301
60, 780, 21.543451, 0.359058
60, 780, 21.797724, 0.363295
60, 780, 21.504999, 0.358417
60, 780, 21.599951, 0.359999
60, 780, 21.523262, 0.358721
60, 780, 21.565346, 0.359422
60, 780, 21.714497, 0.361908
60, 780, 21.482023, 0.358034
60, 780, 20.449522, 0.340825
60, 780, 21.396574, 0.356610
60, 780, 18.173925, 0.302899
60, 780, 20.425108, 0.340418
60, 780, 21.867487, 0.364458
60, 780, 21.514193, 0.358570
60, 780, 21.747807, 0.362463
60, 780, 21.436024, 0.357267
60, 780, 21.882330, 0.364705
60, 780, 21.451321, 0.357522
60, 780, 21.782234, 0.363037
60, 780, 21.770658, 0.362844
60, 780, 21.883371, 0.364723
60, 780, 21.798719, 0.363312
60, 780, 21.414087, 0.356901
60, 780, 21.642937, 0.360716
60, 780, 21.613089, 0.360218
60, 780, 21.511843, 0.358531
60, 780, 21.420294, 0.357005
60, 780, 21.690731, 0.361512
60, 780, 20.205273, 0.336755
60, 780, 21.949518, 0.365825
60, 780, 21.514854, 0.358581
60, 780, 21.359041, 0.355984
60, 780, 21.769770, 0.362829
60, 780, 21.469345, 0.357822
60, 780, 21.533802, 0.358897
60, 780, 21.851601, 0.364193
60, 780, 21.575232, 0.359587
60, 780, 21.832846, 0.363881
60, 780, 21.549017, 0.359150
60, 780, 21.794199, 0.363237
60, 780, 21.924263, 0.365404
60, 780, 21.840971, 0.364016
60, 780, 21.543409, 0.359057
60, 780, 21.168760, 0.352813
60, 780, 21.601461, 0.360024
60, 780, 21.176889, 0.352948
60, 780, 21.160719, 0.352679
60, 780, 21.699158, 0.361653
60, 780, 21.726814, 0.362114
60, 780, 21.553823, 0.359230
60, 780, 21.860996, 0.364350
60, 780, 21.839876, 0.363998
60, 780, 21.192820, 0.353214
60, 780, 21.641661, 0.360694
60, 780, 21.941814, 0.365697
60, 780, 21.734180, 0.362236
60, 780, 21.604578, 0.360076
60, 780, 21.733839, 0.362231
60, 780, 21.526155, 0.358769
60, 780, 21.582409, 0.359707
60, 780, 21.482971, 0.358050
60, 780, 21.804766, 0.363413
60, 780, 21.950993, 0.365850
60, 780, 21.942381, 0.365706
60, 780, 21.590435, 0.359841
60, 780, 21.631721, 0.360529
60, 780, 21.578476, 0.359641
60, 780, 21.637926, 0.360632
60, 780, 21.600573, 0.360010
60, 780, 21.584684, 0.359745
60, 780, 21.791079, 0.363185
60, 780, 21.518915, 0.358649
60, 780, 21.521612, 0.358694
60, 780, 21.354273, 0.355905
60, 780, 21.800571, 0.363343
60, 780, 21.583347, 0.359722
60, 780, 21.739151, 0.362319
60, 780, 21.742544, 0.362376
60, 780, 21.618889, 0.360315
60, 780, 21.734018, 0.362234
60, 780, 21.537914, 0.358965
60, 780, 21.676594, 0.361277
60, 780, 21.738316, 0.362305
60, 780, 21.750546, 0.362509
60, 780, 21.022305, 0.350372
60, 780, 21.980740, 0.366346
60, 780, 21.622412, 0.360374
60, 780, 21.784536, 0.363076
60, 780, 21.439323, 0.357322
60, 780, 21.915110, 0.365252
60, 780, 21.899153, 0.364986
60, 780, 21.904243, 0.365071
60, 780, 21.742670, 0.362378
60, 780, 20.541451, 0.342358
60, 780, 21.631824, 0.360530
60, 780, 21.656734, 0.360946
60, 780, 21.910452, 0.365174
60, 780, 21.931475, 0.365525
60, 780, 21.764917, 0.362749
60, 780, 21.732212, 0.362204
60, 780, 21.574293, 0.359572
60, 780, 22.014896, 0.366915
60, 780, 21.881475, 0.364691
60, 780, 21.598360, 0.359973
60, 780, 21.555813, 0.359264
60, 780, 21.784130, 0.363069
60, 780, 21.762264, 0.362704
60, 780, 21.874708, 0.364578
60, 780, 21.660910, 0.361015
60, 780, 21.798916, 0.363315
60, 780, 21.674767, 0.361246
60, 780, 21.605316, 0.360089
60, 780, 21.819763, 0.363663
60, 780, 22.038807, 0.367313
60, 780, 22.069603, 0.367827
60, 780, 22.084057, 0.368068
60, 780, 21.940008, 0.365667
60, 780, 21.985607, 0.366427
60, 780, 21.675701, 0.361262
60, 780, 22.050375, 0.367506
60, 780, 21.297586, 0.354960
60, 780, 21.607819, 0.360130
60, 780, 21.850796, 0.364180
60, 780, 22.087646, 0.368127
60, 780, 21.730274, 0.362171
60, 780, 21.581907, 0.359698
60, 780, 20.552467, 0.342541
60, 780, 21.974844, 0.366247
60, 780, 21.318497, 0.355308
60, 780, 22.001570, 0.366693
60, 780, 21.801977, 0.363366
60, 780, 21.886345, 0.364772
60, 780, 21.349251, 0.355821
60, 780, 21.867952, 0.364466
60, 780, 21.990282, 0.366505
60, 780, 21.422396, 0.357040
60, 780, 21.864300, 0.364405
60, 780, 21.654192, 0.360903
60, 780, 21.700527, 0.361675
60, 780, 21.676947, 0.361282
60, 780, 21.798466, 0.363308
60, 780, 20.581573, 0.343026
60, 780, 21.828175, 0.363803
60, 780, 21.672232, 0.361204
60, 780, 21.907387, 0.365123
60, 780, 21.995415, 0.366590
60, 780, 20.534374, 0.342240
60, 780, 21.971071, 0.366185
60, 780, 22.150440, 0.369174
60, 780, 22.006655, 0.366778
60, 780, 21.574015, 0.359567
60, 780, 22.127581, 0.368793
60, 780, 21.812500, 0.363542
60, 780, 21.360714, 0.356012
60, 780, 22.137430, 0.368957
60, 780, 21.686768, 0.361446
60, 780, 21.722809, 0.362047
60, 780, 21.626846, 0.360447
60, 780, 22.025749, 0.367096
60, 780, 21.688095, 0.361468
60, 780, 22.061920, 0.367699
60, 780, 21.774441, 0.362907
60, 780, 22.144947, 0.369082
60, 780, 22.132896, 0.368882
60, 780, 22.025963, 0.367099
60, 780, 20.638762, 0.343979
60, 780, 21.789782, 0.363163
60, 780, 21.813736, 0.363562
60, 780, 21.811317, 0.363522
60, 780, 21.882204, 0.364703
60, 780, 21.867680, 0.364461
60, 780, 22.172686, 0.369545
60, 780, 22.084394, 0.368073
60, 780, 21.950512, 0.365842
60, 780, 22.213045, 0.370217
60, 780, 21.662146, 0.361036
60, 780, 22.118273, 0.368638
60, 780, 22.116243, 0.368604
60, 780, 21.936226, 0.365604
60, 780, 21.471741, 0.357862
60, 780, 21.947092, 0.365785
60, 780, 22.095039, 0.368251
60, 780, 21.264830, 0.354414
60, 780, 21.891857, 0.364864
60, 780, 22.107918, 0.368465
60, 780, 21.918699, 0.365312
60, 780, 21.393723, 0.356562
60, 780, 21.855675, 0.364261
60, 780, 22.136230, 0.368937
60, 780, 22.194756, 0.369913
60, 780, 21.980007, 0.366333
60, 780, 22.133497, 0.368892
60, 780, 21.943016, 0.365717
60, 780, 22.038054, 0.367301
60, 780, 21.780849, 0.363014
60, 780, 21.853033, 0.364217
60, 780, 21.929443, 0.365491
60, 780, 18.579695, 0.309662
60, 780, 21.900120, 0.365002
60, 780, 22.201891, 0.370032
60, 780, 22.036224, 0.367270
60, 780, 21.658993, 0.360983
60, 780, 22.195879, 0.369931
60, 780, 21.752752, 0.362546
60, 780, 21.792795, 0.363213
60, 780, 21.821207, 0.363687
60, 780, 22.040403, 0.367340
60, 780, 21.405010, 0.356750
60, 780, 21.806000, 0.363433
60, 780, 21.890291, 0.364838
60, 780, 21.434845, 0.357247
60, 780, 21.867079, 0.364451
60, 780, 21.533459, 0.358891
60, 780, 22.138605, 0.368977
60, 780, 21.420870, 0.357015
60, 780, 21.832272, 0.363871
60, 780, 22.121189, 0.368686
60, 780, 22.274857, 0.371248
60, 780, 22.178175, 0.369636
60, 780, 22.196451, 0.369941
60, 780, 22.142733, 0.369046
60, 780, 21.853163, 0.364219
60, 780, 22.253965, 0.370899
60, 780, 21.872417, 0.364540
60, 780, 22.144831, 0.369081
60, 780, 21.735407, 0.362257
60, 780, 22.015762, 0.366929
60, 780, 21.963802, 0.366063
60, 780, 22.013311, 0.366889
60, 780, 22.171032, 0.369517
60, 780, 21.812197, 0.363537
60, 780, 21.883982, 0.364733
60, 780, 21.892178, 0.364870
60, 780, 22.269127, 0.371152
60, 780, 21.829205, 0.363820
60, 780, 21.962851, 0.366048
60, 780, 21.577782, 0.359630
60, 780, 21.544937, 0.359082
60, 780, 22.174446, 0.369574
60, 780, 22.310062, 0.371834
60, 780, 21.960688, 0.366011
60, 780, 22.270357, 0.371173
60, 780, 22.284897, 0.371415
60, 780, 22.269779, 0.371163
60, 780, 21.797606, 0.363293
60, 780, 22.095123, 0.368252
60, 780, 20.689299, 0.344822
60, 780, 21.905693, 0.365095
60, 780, 21.675009, 0.361250
60, 780, 21.938200, 0.365637
60, 780, 21.754284, 0.362571
60, 780, 21.863983, 0.364400
60, 780, 21.821827, 0.363697
60, 780, 22.228210, 0.370470
60, 780, 21.479630, 0.357994
60, 780, 22.245197, 0.370753
60, 780, 22.322144, 0.372036
60, 780, 22.220812, 0.370347
60, 780, 21.927999, 0.365467
60, 780, 21.800098, 0.363335
60, 780, 22.273682, 0.371228
60, 780, 21.884037, 0.364734
60, 780, 22.211082, 0.370185
60, 780, 21.507339, 0.358456
60, 780, 22.203218, 0.370054
60, 780, 20.612539, 0.343542
60, 780, 22.309427, 0.371824
60, 780, 22.188530, 0.369809
60, 780, 22.020826, 0.367014
60, 780, 22.243614, 0.370727
60, 780, 21.982395, 0.366373
60, 780, 21.988464, 0.366474
60, 780, 22.238194, 0.370637
60, 780, 22.228910, 0.370482
60, 780, 21.548544, 0.359142
60, 780, 22.059134, 0.367652
60, 780, 22.271109, 0.371185
60, 780, 22.362328, 0.372705
60, 780, 22.184900, 0.369748
60, 780, 22.078621, 0.367977
60, 780, 22.340942, 0.372349
60, 780, 21.832575, 0.363876
60, 780, 22.323013, 0.372050
60, 780, 22.353111, 0.372552
60, 780, 22.259087, 0.370985
60, 780, 22.261908, 0.371032
60, 780, 20.805216, 0.346754
60, 780, 20.928652, 0.348811
60, 780, 21.874210, 0.364570
60, 780, 21.841610, 0.364027
60, 780, 21.899078, 0.364985
60, 780, 21.892345, 0.364872
60, 780, 21.903893, 0.365065
60, 780, 22.005503, 0.366758
60, 780, 21.926262, 0.365438
60, 780, 21.867968, 0.364466
60, 780, 21.872849, 0.364547
60, 780, 22.230797, 0.370513
60, 780, 21.445452, 0.357424
60, 780, 22.389374, 0.373156
60, 780, 20.478136, 0.341302
60, 780, 22.141756, 0.369029
60, 780, 22.171724, 0.369529
60, 780, 20.769905, 0.346165
60, 780, 22.294449, 0.371574
60, 780, 22.234257, 0.370571
60, 780, 22.229006, 0.370483
60, 780, 22.289618, 0.371494
60, 780, 21.963768, 0.366063
60, 780, 22.380304, 0.373005
60, 780, 22.219034, 0.370317
60, 780, 21.706106, 0.361768
60, 780, 22.387062, 0.373118
60, 780, 22.027790, 0.367130
60, 780, 22.080660, 0.368011
60, 780, 22.031488, 0.367191
60, 780, 21.616804, 0.360280
60, 780, 22.447882, 0.374131
60, 780, 21.680471, 0.361341
60, 780, 22.243906, 0.370732
60, 780, 21.948853, 0.365814
60, 780, 22.361788, 0.372696
60, 780, 20.841576, 0.347360
60, 780, 22.333666, 0.372228
60, 780, 22.407099, 0.373452
60, 780, 22.063570, 0.367726
60, 780, 21.980835, 0.366347
60, 780, 21.725630, 0.362094
60, 780, 22.022758, 0.367046
60, 780, 21.822527, 0.363709
60, 780, 22.338629, 0.372310
60, 780, 22.283688, 0.371395
60, 780, 22.092440, 0.368207
60, 780, 22.072733, 0.367879
60, 780, 22.434820, 0.373914
60, 780, 21.996578, 0.366610
60, 780, 21.747841, 0.362464
60, 780, 22.122562, 0.368709
60, 780, 22.437382, 0.373956
60, 780, 22.063330, 0.367722
60, 780, 22.055412, 0.367590
60, 780, 21.875986, 0.364600
60, 780, 21.985067, 0.366418
60, 780, 21.684328, 0.361405
60, 780, 22.466797, 0.374447
60, 780, 22.388268, 0.373138
60, 780, 22.249521, 0.370825
60, 780, 22.202578, 0.370043
60, 780, 22.100817, 0.368347
60, 780, 22.261826, 0.371030
60, 780, 22.301287, 0.371688
60, 780, 22.389162, 0.373153
60, 780, 22.223587, 0.370393
60, 780, 22.127550, 0.368793
60, 780, 22.204983, 0.370083
60, 780, 21.823637, 0.363727
60, 780, 22.403141, 0.373386
60, 780, 22.514807, 0.375247
60, 780, 22.297256, 0.371621
60, 780, 22.458271, 0.374305
60, 780, 22.054495, 0.367575
60, 780, 22.280033, 0.371334
60, 780, 22.058426, 0.367640
60, 780, 22.132812, 0.368880
60, 780, 22.447720, 0.374129
60, 780, 22.557545, 0.375959
60, 780, 21.957163, 0.365953
60, 780, 22.030285, 0.367171
60, 780, 22.506327, 0.375105
60, 780, 21.859007, 0.364317
60, 780, 22.121817, 0.368697
60, 780, 22.009300, 0.366822
60, 780, 22.304289, 0.371738
60, 780, 22.311605, 0.371860
60, 780, 22.360495, 0.372675
60, 780, 22.044268, 0.367404
60, 780, 22.109224, 0.368487
60, 780, 22.041594, 0.367360
60, 780, 22.165871, 0.369431
60, 780, 22.072689, 0.367878
60, 780, 21.803041, 0.363384
60, 780, 18.913908, 0.315232
60, 780, 20.933313, 0.348889
60, 780, 22.251534, 0.370859
60, 780, 22.433702, 0.373895
60, 780, 22.449066, 0.374151
60, 780, 22.140533, 0.369009
60, 780, 22.059252, 0.367654
60, 780, 20.916975, 0.348616
60, 780, 22.457962, 0.374299
60, 780, 21.796295, 0.363272
60, 780, 22.503080, 0.375051
60, 780, 22.314268, 0.371904
60, 780, 22.286060, 0.371434
60, 780, 22.386869, 0.373114
60, 780, 22.592525, 0.376542
60, 780, 22.349171, 0.372486
60, 780, 22.488085, 0.374801
60, 780, 22.320702, 0.372012
60, 780, 22.122683, 0.368711
60, 780, 22.604315, 0.376739
60, 780, 22.517248, 0.375287
60, 780, 22.165722, 0.369429
60, 780, 22.519733, 0.375329
60, 780, 21.843849, 0.364064
60, 780, 21.847504, 0.364125
60, 780, 22.146593, 0.369110
60, 780, 22.367559, 0.372793
60, 780, 22.353340, 0.372556
60, 780, 22.524998, 0.375417
60, 780, 22.426043, 0.373767
60, 780, 22.625914, 0.377099
60, 780, 22.472229, 0.374537
60, 780, 21.896502, 0.364942
60, 780, 22.045635, 0.367427
60, 780, 21.834105, 0.363902
60, 780, 21.032785, 0.350546
60, 780, 21.140852, 0.352348
60, 780, 22.235888, 0.370598
60, 780, 22.572733, 0.376212
60, 780, 21.843412, 0.364057
60, 780, 22.680529, 0.378009
60, 780, 22.434015, 0.373900
60, 780, 22.393925, 0.373232
60, 780, 22.290302, 0.371505
60, 780, 22.532600, 0.375543
60, 780, 22.683458, 0.378058
60, 780, 22.324343, 0.372072
60, 780, 22.686670, 0.378111
60, 780, 22.543152, 0.375719
60, 780, 22.323174, 0.372053
60, 780, 22.693439, 0.378224
60, 780, 22.167654, 0.369461
60, 780, 22.666328, 0.377772
60, 780, 22.574713, 0.376245
60, 780, 22.348541, 0.372476
60, 780, 22.593683, 0.376561
60, 780, 22.695913, 0.378265
60, 780, 22.417398, 0.373623
60, 780, 21.170837, 0.352847
60, 780, 21.956575, 0.365943
60, 780, 22.383652, 0.373061
60, 780, 22.249920, 0.370832
60, 780, 22.305561, 0.371759
60, 780, 22.698439, 0.378307
60, 780, 22.333834, 0.372231
60, 780, 22.143156, 0.369053
60, 780, 22.285271, 0.371421
60, 780, 22.262167, 0.371036
60, 780, 22.333570, 0.372226
60, 780, 22.485142, 0.374752
60, 780, 22.415804, 0.373597
60, 780, 22.251244, 0.370854
60, 780, 22.271551, 0.371193
60, 780, 22.376102, 0.372935
60, 780, 22.290089, 0.371501
60, 780, 22.407990, 0.373466
60, 780, 22.609526, 0.376825
60, 780, 22.598976, 0.376650
60, 780, 22.198664, 0.369978
60, 780, 22.464909, 0.374415
60, 780, 22.610596, 0.376843
60, 780, 22.670122, 0.377835
60, 780, 22.528229, 0.375470
60, 780, 21.096651, 0.351611
60, 780, 22.467680, 0.374461
60, 780, 22.531460, 0.375524
60, 780, 22.273066, 0.371218
60, 780, 22.399340, 0.373322
60, 780, 22.692417, 0.378207
60, 780, 22.481310, 0.374688
60, 780, 21.047413, 0.350790
60, 780, 22.421942, 0.373699
60, 780, 22.439156, 0.373986
60, 780, 22.519720, 0.375329
60, 780, 22.706463, 0.378441
60, 780, 22.708294, 0.378472
60, 780, 22.702576, 0.378376
60, 780, 22.102139, 0.368369
60, 780, 22.704443, 0.378407
60, 780, 21.239769, 0.353996
60, 780, 22.680550, 0.378009
60, 780, 22.367176, 0.372786
60, 780, 22.566254, 0.376104
60, 780, 22.812117, 0.380202
60, 780, 22.575298, 0.376255
60, 780, 22.300659, 0.371678
60, 780, 22.400955, 0.373349
60, 780, 22.330648, 0.372177
60, 780, 22.563225, 0.376054
60, 780, 22.738234, 0.378971
60, 780, 22.570408, 0.376173
60, 780, 22.433300, 0.373888
60, 780, 22.581440, 0.376357
60, 780, 22.516523, 0.375275
60, 780, 21.321093, 0.355352
60, 780, 22.582766, 0.376379
60, 780, 22.499807, 0.374997
60, 780, 22.059973, 0.367666
60, 780, 22.675943, 0.377932
60, 780, 22.474329, 0.374572
60, 780, 22.810410, 0.380173
60, 780, 22.884674, 0.381411
60, 780, 22.868332, 0.381139
60, 780, 22.436378, 0.373940
60, 780, 22.068762, 0.367813
60, 780, 22.449238, 0.374154
60, 780, 22.390701, 0.373178
60, 780, 22.807463, 0.380124
60, 780, 22.468235, 0.374471
60, 780, 22.638777, 0.377313
60, 780, 22.609383, 0.376823
60, 780, 22.573673, 0.376228
60, 780, 22.570444, 0.376174
60, 780, 22.826330, 0.380439
60, 780, 22.868664, 0.381144
60, 780, 22.504597, 0.375077
60, 780, 22.388588, 0.373143
60, 780, 22.187304, 0.369788
60, 780, 22.449177, 0.374153
60, 780, 22.745718, 0.379095
60, 780, 22.842573, 0.380710
60, 780, 22.761639, 0.379361
60, 780, 22.513889, 0.375231
60, 780, 22.466833, 0.374447
60, 780, 22.984474, 0.383075
60, 780, 21.412390, 0.356873
60, 780, 22.291275, 0.371521
60, 780, 22.668131, 0.377802
60, 780, 22.631876, 0.377198
60, 780, 22.516033, 0.375267
60, 780, 22.529896, 0.375498
60, 780, 22.710051, 0.378501
60, 780, 22.962454, 0.382708
60, 780, 22.732874, 0.378881
60, 780, 22.518221, 0.375304
60, 780, 22.986567, 0.383109
60, 780, 21.480848, 0.358014
60, 780, 22.914938, 0.381916
60, 780, 22.855944, 0.380932
60, 780, 22.832682, 0.380545
60, 780, 22.273758, 0.371229
60, 780, 22.540468, 0.375674
60, 780, 22.932129, 0.382202
60, 780, 22.809036, 0.380151
60, 780, 22.582516, 0.376375
60, 780, 22.491724, 0.374862
60, 780, 22.550354, 0.375839
60, 780, 20.965569, 0.349426
60, 780, 22.836376, 0.380606
60, 780, 22.722908, 0.378715
60, 780, 22.910751, 0.381846
60, 780, 22.797552, 0.379959
60, 780, 22.774815, 0.379580
60, 780, 22.596153, 0.376603
60, 780, 22.666918, 0.377782
60, 780, 22.578239, 0.376304
60, 780, 22.782894, 0.379715
60, 780, 22.554546, 0.375909
60, 780, 22.689651, 0.378161
60, 780, 22.655712, 0.377595
60, 780, 22.888803, 0.381480
60, 780, 22.923712, 0.382062
60, 780, 22.746763, 0.379113
60, 780, 21.668777, 0.361146
60, 780, 22.967808, 0.382797
60, 780, 22.819908, 0.380332
60, 780, 22.653589, 0.377560
60, 780, 22.754990, 0.379250
60, 780, 22.629017, 0.377150
60, 780, 22.646807, 0.377447
60, 780, 23.094557, 0.384909
60, 780, 23.111853, 0.385198
60, 780, 22.849295, 0.380822
60, 780, 22.426149, 0.373769
60, 780, 23.002722, 0.383379
60, 780, 22.748299, 0.379138
60, 780, 23.124643, 0.385411
60, 780, 22.753458, 0.379224
60, 780, 23.036600, 0.383943
60, 780, 22.767511, 0.379459
60, 780, 22.912374, 0.381873
60, 780, 22.612185, 0.376870
60, 780, 22.883875, 0.381398
60, 780, 21.665213, 0.361087
60, 780, 22.607115, 0.376785
60, 780, 22.650976, 0.377516
60, 780, 22.770954, 0.379516
60, 780, 22.852737, 0.380879
60, 780, 22.782417, 0.379707
60, 780, 22.989532, 0.383159
60, 780, 22.702753, 0.378379
60, 780, 19.336338, 0.322272
60, 780, 23.091814, 0.384864
60, 780, 23.203447, 0.386724
60, 780, 23.040394, 0.384007
60, 780, 23.161251, 0.386021
60, 780, 23.081961, 0.384699
60, 780, 22.911467, 0.381858
60, 780, 19.486246, 0.324771
60, 780, 23.040213, 0.384004
60, 780, 22.793659, 0.379894
60, 780, 23.004435, 0.383407
60, 780, 15.557684, 0.259295
60, 780, 22.799520, 0.379992
60, 780, 22.429207, 0.373820
60, 780, 21.509340, 0.358489
60, 780, 22.833374, 0.380556
60, 780, 22.537390, 0.375623
60, 780, 22.748642, 0.379144
60, 780, 22.604853, 0.376748
60, 780, 23.102057, 0.385034
60, 780, 23.215425, 0.386924
60, 780, 22.863575, 0.381060
60, 780, 22.824076, 0.380401
60, 780, 23.231438, 0.387191
60, 780, 22.738813, 0.378980
60, 780, 22.723701, 0.378728
60, 780, 23.041737, 0.384029
60, 780, 22.718168, 0.378636
60, 780, 23.132126, 0.385535
60, 780, 22.815355, 0.380256
60, 780, 23.056213, 0.384270
60, 780, 22.859030, 0.380984
60, 780, 22.919075, 0.381985
60, 780, 22.878084, 0.381301
60, 780, 21.778883, 0.362981
60, 780, 22.868973, 0.381150
60, 780, 22.791361, 0.379856
60, 780, 22.894690, 0.381578
60, 780, 22.709919, 0.378499
60, 780, 23.193739, 0.386562
60, 780, 22.504026, 0.375067
60, 780, 22.861111, 0.381019
60, 780, 23.168295, 0.386138
60, 780, 23.322441, 0.388707
60, 780, 23.135891, 0.385598
60, 780, 21.903284, 0.365055
60, 780, 22.822332, 0.380372
60, 780, 23.259123, 0.387652
60, 780, 23.319191, 0.388653
60, 780, 22.673750, 0.377896
60, 780, 22.890863, 0.381514
60, 780, 23.142767, 0.385713
60, 780, 23.287382, 0.388123
60, 780, 23.224745, 0.387079
60, 780, 22.914625, 0.381910
60, 780, 23.022726, 0.383712
60, 780, 21.897963, 0.364966
60, 780, 23.408350, 0.390139
60, 780, 22.846498, 0.380775
60, 780, 22.975685, 0.382928
60, 780, 23.296900, 0.388282
60, 780, 23.388290, 0.389805
60, 780, 23.372816, 0.389547
60, 780, 22.865929, 0.381099
60, 780, 23.296375, 0.388273
60, 780, 22.627222, 0.377120
60, 780, 23.005968, 0.383433
60, 780, 22.907265, 0.381788
60, 780, 23.240538, 0.387342
60, 780, 23.439934, 0.390666
60, 780, 23.032093, 0.383868
60, 780, 21.910986, 0.365183
60, 780, 23.429173, 0.390486
60, 780, 23.056257, 0.384271
60, 780, 23.461903, 0.391032
60, 780, 19.627359, 0.327123
60, 780, 23.059481, 0.384325
60, 780, 23.229181, 0.387153
60, 780, 23.096270, 0.384938
60, 780, 23.108244, 0.385137
60, 780, 23.100626, 0.385010
60, 780, 23.368917, 0.389482
60, 780, 23.372093, 0.389535
60, 780, 23.177288, 0.386288
60, 780, 23.436247, 0.390604
60, 780, 23.401985, 0.390033
60, 780, 23.444738, 0.390746
60, 780, 23.138161, 0.385636
60, 780, 23.518801, 0.391980
60, 780, 23.399286, 0.389988
60, 780, 21.815884, 0.363598
60, 780, 22.989836, 0.383164
60, 780, 22.152031, 0.369200
60, 780, 23.248589, 0.387476
60, 780, 22.898058, 0.381634
60, 780, 23.135471, 0.385591
60, 780, 23.209608, 0.386827
60, 780, 23.306723, 0.388445
60, 780, 23.570808, 0.392847
60, 780, 23.292284, 0.388205
60, 780, 23.325487, 0.388758
60, 780, 23.423250, 0.390388
60, 780, 23.437254, 0.390621
60, 780, 23.182970, 0.386383
60, 780, 23.534771, 0.392246
60, 780, 23.596210, 0.393270
60, 780, 23.375614, 0.389594
60, 780, 23.639225, 0.393987
60, 780, 23.546221, 0.392437
60, 780, 23.605988, 0.393433
60, 780, 23.222416, 0.387040
60, 780, 23.623123, 0.393719
60, 780, 23.353270, 0.389221
60, 780, 23.334332, 0.388906
60, 780, 23.672626, 0.394544
60, 780, 22.912622, 0.381877
60, 780, 23.530798, 0.392180
60, 780, 23.431923, 0.390532
60, 780, 23.657267, 0.394288
60, 780, 22.114437, 0.368574
60, 780, 22.971216, 0.382854
60, 780, 23.690681, 0.394845
60, 780, 23.392370, 0.389873
60, 780, 23.472195, 0.391203
60, 780, 23.545040, 0.392417
60, 780, 22.479298, 0.374655
60, 780, 23.783539, 0.396392
60, 780, 23.853081, 0.397551
60, 780, 23.608461, 0.393474
60, 780, 23.885120, 0.398085
60, 780, 23.139311, 0.385655
60, 780, 23.545151, 0.392419
60, 780, 23.454926, 0.390915
60, 780, 23.824095, 0.397068
60, 780, 23.514795, 0.391913
60, 780, 23.697439, 0.394957
60, 780, 23.610073, 0.393501
60, 780, 23.539761, 0.392329
60, 780, 22.553810, 0.375897
60, 780, 23.620129, 0.393669
60, 780, 20.376057, 0.339601
60, 780, 23.979475, 0.399658
60, 780, 23.744671, 0.395745
60, 780, 24.046165, 0.400769
60, 780, 23.912079, 0.398535
60, 780, 24.083408, 0.401390
60, 780, 23.258783, 0.387646
60, 780, 23.960510, 0.399342
60, 780, 23.862946, 0.397716
60, 780, 23.580891, 0.393015
60, 780, 23.900747, 0.398346
60, 780, 24.035166, 0.400586
60, 780, 24.026112, 0.400435
60, 780, 23.772356, 0.396206
60, 780, 23.981369, 0.399689
60, 780, 23.979830, 0.399664
60, 780, 24.047159, 0.400786
60, 780, 24.200325, 0.403339
60, 780, 24.057245, 0.400954
60, 780, 20.212770, 0.336880
60, 780, 20.398436, 0.339974
60, 780, 22.741692, 0.379028
60, 780, 24.150606, 0.402510
60, 780, 23.807091, 0.396785
60, 780, 23.965633, 0.399427
60, 780, 24.181993, 0.403033
60, 780, 24.097126, 0.401619
60, 780, 24.243319, 0.404055
60, 780, 23.903931, 0.398399
60, 780, 23.817266, 0.396954
60, 780, 22.845484, 0.380758
60, 780, 16.806355, 0.280106
60, 780, 24.168692, 0.402812
60, 780, 24.083395, 0.401390
60, 780, 23.900293, 0.398338
60, 780, 23.719555, 0.395326
60, 780, 24.116585, 0.401943
60, 780, 23.939999, 0.399000
60, 780, 24.145147, 0.402419
60, 780, 24.082588, 0.401376
60, 780, 24.162346, 0.402706
60, 780, 23.754610, 0.395910
60, 780, 24.160021, 0.402667
60, 780, 24.319206, 0.405320
60, 780, 24.287228, 0.404787
60, 780, 23.897118, 0.398285
60, 780, 24.685282, 0.411421
60, 780, 24.396425, 0.406607
60, 780, 24.342972, 0.405716
60, 780, 24.606241, 0.410104
60, 780, 24.390394, 0.406507
60, 780, 24.420618, 0.407010
60, 780, 24.693998, 0.411567
60, 780, 24.683575, 0.411393
60, 780, 24.598867, 0.409981
60, 780, 24.934538, 0.415576
60, 780, 24.274027, 0.404567
60, 780, 23.608137, 0.393469
60, 780, 24.768322, 0.412805
60, 780, 25.134069, 0.418901
60, 780, 23.645311, 0.394089
60, 780, 24.950796, 0.415847
60, 780, 25.114742, 0.418579
60, 780, 25.217052, 0.420284
60, 780, 25.458532, 0.424309
60, 780, 24.699265, 0.411654
60, 780, 25.510546, 0.425176
60, 780, 25.301716, 0.421695
60, 780, 25.257093, 0.420952
60, 780, 25.349590, 0.422493
60, 780, 25.628304, 0.427138
60, 780, 24.587366, 0.409789
60, 780, 25.967493, 0.432792
60, 780, 26.205719, 0.436762
60, 780, 26.458256, 0.440971
60, 780, 10.500795, 0.175013
60, 780, 26.115461, 0.435258
60, 780, 26.620735, 0.443679
60, 780, 26.575346, 0.442922
60, 780, 26.732285, 0.445538
60, 780, 26.474915, 0.441249
60, 780, 26.989798, 0.449830
60, 780, 26.742203, 0.445703
60, 780, 26.766342, 0.446106
60, 780, 26.767323, 0.446122
60, 780, 26.932722, 0.448879
60, 780, 27.714643, 0.461911
60, 780, 27.765972, 0.462766
60, 780, 28.553436, 0.475891
60, 780, 28.851753, 0.480863
60, 780, 29.340826, 0.489014
60, 780, 29.446716, 0.490779
60, 780, 31.248091, 0.520801
